,year_produce,brand,model,car_type,gear_type,engine_cap,mileage,old_price
0,2013/2014,BMW,528i,used,Automatic,2.0,147500.0,87888.0
1,2017,Honda,Civic,used,Automatic,1.8,102500.0,70800.0
2,2012,BMW,328i,used,Automatic,2.0,137500.0,45800.0
3,2014,Toyota,Corolla Altis,used,Automatic,2.0,122500.0,49800.0
4,2013,Honda,Accord,used,Automatic,2.4,122500.0,45800.0
5,2013,BMW,520i,used,Automatic,2.0,137500.0,62800.0
6,2016,BMW,520i,used,Automatic,2.0,62500.0,119800.0
7,2018,Toyota,Harrier,used,Automatic,2.0,107500.0,149800.0
8,2017,BMW,X1,used,Automatic,2.0,122500.0,87800.0
9,2019,BMW,X4,used,Automatic,2.0,72500.0,245800.0
10,2014,BMW,528i,used,Automatic,2.0,142500.0,95634.0
11,2013,BMW,520i,used,Automatic,2.0,147500.0,4951562.0
12,2015,Honda,HR-V,used,Automatic,1.8,107500.0,54500.0
13,2017/2020,Toyota,Vellfire,used,Automatic,2.5,47500.0,155800.0
14,2016/2021,Toyota,Alphard,used,Automatic,2.5,47500.0,155800.0
15,2016,Perodua,Myvi,used,Automatic,1.3,102500.0,28000.0
16,2015,Honda,CR-V,used,Automatic,2.4,62500.0,59999.0
17,2016,Honda,CR-V,used,Automatic,2.0,92500.0,69800.0
18,2017,Honda,City,used,Automatic,1.5,62500.0,45999.0
19,2015,Honda,City,used,Automatic,1.5,72500.0,44800.0
20,2018,Toyota,C-HR,used,Automatic,1.8,97500.0,7584500.0
21,2016,Toyota,Harrier,used,Automatic,2.0,72500.0,96888.0
22,2012,BMW,328i,used,Automatic,2.0,117500.0,58500.0
23,2015,Volvo,XC60,used,Automatic,2.0,92500.0,76800.0
24,2014,nan,,used,Automatic,3.5,87500.0,99900.0
25,2014,Toyota,Alphard,used,Automatic,3.5,97500.0,105800.0
26,2019,nan,,used,Automatic,2.0,82500.0,131900.0
27,2015,Honda,HR-V,used,Automatic,1.8,77500.0,49800.0
28,2018,Mazda,CX-5,used,Automatic,2.5,92500.0,93800.0
29,2016/2018,BMW,X1,used,Automatic,2.0,47500.0,77800.0
30,2016,Ford,Ranger,used,Manual,2.2,102500.0,55800.0
31,2017/2020,Toyota,Alphard,used,Automatic,2.5,87500.0,181999.0
32,2020/2022,Toyota,Alphard,used,Automatic,2.5,42500.0,242999.0
33,2018,Nissan,X-Trail,used,Automatic,2.0,67500.0,47800.0
34,2020,Toyota,Harrier,used,Automatic,2.0,22500.0,208000.0
35,2021,Toyota,Harrier,used,Automatic,2.0,27500.0,213000.0
36,2019,Toyota,Vellfire,used,Automatic,3.5,17500.0,308000.0
37,2021,Toyota,Vellfire,used,Automatic,3.5,2500.0,318000.0
38,2021,Toyota,Alphard,used,Automatic,2.5,22500.0,283000.0
39,2022,Toyota,Alphard,used,Automatic,2.5,12500.0,293000.0
40,2021,Toyota,Alphard,used,Automatic,2.5,12500.0,298000.0
41,2021,Toyota,Alphard,used,Automatic,2.5,12500.0,283000.0
42,2021,Toyota,Alphard,used,Automatic,2.5,7500.0,283000.0
43,2021,Toyota,Alphard,used,Automatic,2.5,17500.0,295000.0
44,2019,Toyota,Vellfire,used,Automatic,2.5,47500.0,233000.0
45,2021,Toyota,Alphard,used,Automatic,2.5,12500.0,298000.0
46,2018,nan,,used,Automatic,5.0,77500.0,40638521.0
47,2013,BMW,528i,used,Automatic,2.0,92500.0,58000.0
48,2014,BMW,X1,used,Automatic,2.0,118777.0,49800.0
49,2017,Honda,HR-V,used,Automatic,1.8,117500.0,4998455.0
50,2008/2013,Mercedes-Benz,C200K,used,Automatic,1.8,127500.0,42800.0
51,2016,Mercedes-Benz,C200,used,Automatic,2.0,72500.0,125800.0
52,2019,Porsche,Macan,used,Automatic,3.0,72500.0,248500.0
53,2019,nan,,used,Automatic,3.0,112500.0,318500.0
54,2020,Ford,MUSTANG,used,Automatic,5.0,12500.0,278800.0
55,2018,nan,,used,Automatic,3.0,82500.0,228500.0
56,2014,Porsche,Cayman,used,Automatic,2.7,67500.0,228500.0
57,2017,nan,,used,Automatic,1.5,77500.0,108500.0
58,2016,Land,Rover Range Rover Sport,used,Automatic,3.0,87500.0,258500.0
59,2014/2018,Porsche,Macan,used,Automatic,3.0,87500.0,228500.0
60,2021,Toyota,Harrier,used,Automatic,2.0,27500.0,177000.0
61,2013,Perodua,Myvi,used,Automatic,1.3,107500.0,22800.0
62,2014,Honda,Jazz,used,Automatic,1.5,92500.0,41800.0
63,2018/2019,Honda,Civic,used,Automatic,1.5,102500.0,86800.0
64,2016,Toyota,Camry,used,Automatic,2.5,127500.0,65800.0
65,2016,Mazda,CX-3,used,Automatic,2.0,92500.0,59800.0
66,2015,Suzuki,Jimny,used,Automatic,1.3,87500.0,81888.0
67,2015,Mercedes-Benz,E250,used,Automatic,2.0,112500.0,105000.0
68,2014,Mercedes-Benz,E200,used,Automatic,2.0,87500.0,77000.0
69,2015,Mercedes-Benz,CLA200,used,Automatic,1.6,97500.0,95000.0
70,2018,Honda,CR-V,used,Automatic,1.5,77500.0,95800.0
71,2018,BMW,330e,used,Automatic,2.0,82500.0,79800.0
72,2015,Porsche,Macan,used,Automatic,3.6,27500.0,239000.0
73,2017,BMW,330e,used,Automatic,2.0,147500.0,81800.0
74,2018,Mercedes-Benz,C180,used,Automatic,1.6,97500.0,139800.0
75,2018,BMW,X3,used,Automatic,2.0,92500.0,158800.0
76,2019,MINI,Countryman,used,Automatic,2.0,62500.0,159800.0
77,2017,nan,,used,Automatic,2.0,67500.0,178800.0
78,2017,Lexus,RX200t,used,Automatic,2.0,62500.0,199800.0
79,2017,BMW,330e,used,Automatic,2.0,67500.0,95500.0
80,2016,MINI,Clubman,used,Automatic,2.0,102500.0,107800.0
81,2014/2018,Mercedes-Benz,CLA180,used,Automatic,1.6,97500.0,98800.0
82,2016,Mercedes-Benz,E200,used,Automatic,2.0,72500.0,170000.0
83,2015,nan,,used,Automatic,2.2,132500.0,49800.0
84,2013,Mazda,6,used,Automatic,2.5,117500.0,38800.0
85,2017,Mitsubishi,Triton,used,Automatic,2.4,117500.0,75800.0
86,2017,Hyundai,Grand Starex,used,Automatic,2.5,122500.0,83800.0
87,2016,nan,,used,Automatic,3.5,132500.0,115800.0
88,2016/2020,Toyota,Vellfire,used,Automatic,2.5,92500.0,183800.0
89,2019/2022,Toyota,Alphard,used,Automatic,2.5,47500.0,239800.0
90,2014,Mercedes-Benz,CLA200,used,Automatic,1.6,122500.0,83800.0
91,2015,Honda,CR-V,used,Automatic,2.4,122500.0,65800.0
92,2017/2022,Mercedes-Benz,G350,used,Automatic,3.0,22500.0,438800.0
93,2018,Toyota,Hilux,used,Automatic,2.4,72500.0,85800.0
94,2016/2018,nan,,used,Automatic,5.7,67500.0,378800.0
95,2019,BMW,330e,used,Automatic,2.0,92500.0,93800.0
96,2015,Nissan,X-Trail,used,Automatic,2.5,102500.0,43800.0
97,2017,Toyota,Camry,used,Automatic,2.0,82500.0,91800.0
98,2014,Kia,Cerato,used,Automatic,1.6,132500.0,27800.0
99,2013,Mazda,6,used,Automatic,2.0,137500.0,38800.0
100,2015,Honda,City,used,Automatic,1.5,117500.0,38800.0
101,2013,BMW,328i,used,Automatic,2.0,127500.0,69888.0
102,2014,BMW,X6,used,Automatic,3.0,72500.0,84888.0
103,2014,Honda,Accord,used,Automatic,2.4,127500.0,49800.0
104,2014,Mazda,6,used,Automatic,2.5,97500.0,45800.0
105,2014,Toyota,Harrier,used,Automatic,2.0,92500.0,99888.0
106,2019,Mazda,6,used,Automatic,2.5,107500.0,110800.0
107,2022,Volkswagen,Tiguan,used,Automatic,1.4,62500.0,135800.0
108,2013/2018,Mercedes-Benz,CLA250,used,Automatic,2.0,92500.0,91800.0
109,2018,Mercedes-Benz,C180,used,Automatic,1.6,67500.0,155800.0
110,2017,BMW,330e,used,Automatic,2.0,137500.0,78800.0
111,2017,Mercedes-Benz,E250,used,Automatic,2.0,102500.0,175800.0
112,2019,BMW,X1,used,Automatic,2.0,67500.0,125800.0
113,2017/2022,Toyota,Alphard,used,Automatic,2.5,72500.0,196800.0
114,2015/2021,Toyota,Alphard,used,Automatic,2.5,97500.0,186800.0
115,2019/2020,nan,,used,Automatic,2.0,107500.0,109900.0
116,2020,nan,,used,Automatic,2.8,12500.0,298000.0
117,2022,Toyota,Land Cruiser,used,Automatic,3.3,7500.0,588000.0
118,2020,Toyota,Harrier,used,Automatic,2.0,27500.0,198000.0
119,2021,Toyota,Vellfire,used,Automatic,2.5,27500.0,236000.0
120,2019,Toyota,Vellfire,used,Automatic,3.5,42500.0,308000.0
121,2013,Mazda,CX-5,used,Automatic,2.0,127500.0,41800.0
122,2015,BMW,X3,used,Automatic,2.0,82500.0,75888.0
123,2016/2020,Mercedes-Benz,A180,used,Automatic,1.6,72500.0,99888.0
124,2013/2014,Mitsubishi,Triton,used,Automatic,2.5,142500.0,44800.0
125,2019,Mercedes-Benz,GLA200,used,Automatic,1.6,87500.0,136800.0
126,2018,Mercedes-Benz,C180,used,Automatic,1.6,92500.0,115900.0
127,2016,Nissan,X-Trail,used,Automatic,2.5,92500.0,42999.0
128,2014/2015,Kia,Rio,used,Automatic,1.4,77500.0,22999.0
129,2012,BMW,528i,used,Automatic,2.0,107500.0,65800.0
130,2020,nan,,used,Automatic,3.0,17500.0,329800.0
131,2018/2019,Mercedes-Benz,C43 AMG,used,Automatic,3.0,42500.0,213800.0
132,2015,BMW,428i,used,Automatic,2.0,47500.0,135800.0
133,2013,nan,,used,Automatic,2.2,97500.0,35800.0
134,2020,Mazda,CX-5,used,Automatic,2.0,107500.0,105800.0
135,2017,Mercedes-Benz,A200,used,Automatic,1.6,77500.0,101800.0
136,2019,BMW,330e,used,Automatic,2.0,92500.0,93800.0
137,2017,Toyota,Innova,used,Automatic,2.0,97500.0,71800.0
138,2017,BMW,330e,used,Automatic,2.0,112500.0,73800.0
139,2018,Mercedes-Benz,C350 e,used,Automatic,2.0,137500.0,110800.0
140,2015,Hyundai,Grand Starex,used,Automatic,2.5,127500.0,66800.0
141,2013,nan,,used,Automatic,2.2,112500.0,35800.0
142,2017,Toyota,Camry,used,Automatic,2.5,112500.0,76800.0
143,2014,BMW,520i,used,Automatic,2.0,132500.0,73800.0
144,2019,Honda,City,used,Automatic,1.5,52500.0,56800.0
145,2017,Honda,Civic,used,Automatic,1.8,92500.0,76800.0
146,2015,Honda,HR-V,used,Automatic,1.8,97500.0,50800.0
147,2016,Mazda,CX-5,used,Automatic,2.5,82500.0,65800.0
148,2016,Honda,CR-V,used,Automatic,2.0,92500.0,63800.0
149,2019/2020,Mercedes-Benz,GLA200,used,Automatic,1.6,62500.0,137999.0
150,2016/2020,Mercedes-Benz,CLA250,used,Automatic,2.0,82500.0,122999.0
151,2018/2019,nan,,used,Automatic,2.0,82500.0,149999.0
152,2016/2019,Mercedes-Benz,C300,used,Automatic,2.0,72500.0,169999.0
153,2014,Audi,Q5,used,Automatic,2.0,112500.0,50800.0
154,2016/2017,Mercedes-Benz,C300,used,Automatic,2.0,92500.0,135900.0
155,2017,Mitsubishi,Triton,used,Automatic,2.4,82500.0,76800.0
156,2016,Peugeot,3008,used,Automatic,1.6,77500.0,25800.0
157,2014,MINI,Countryman,used,Automatic,1.6,112500.0,67800.0
158,2013,Toyota,Rush,used,Automatic,1.5,107500.0,29800.0
159,2013,nan,,used,Automatic,1.8,127500.0,25800.0
160,2016,Audi,A4,used,Automatic,2.0,82500.0,109800.0
161,2013,Toyota,Prius C,used,Automatic,1.5,137500.0,28800.0
162,2017,BMW,530i,used,Automatic,2.0,92500.0,158800.0
163,2016,BMW,318i,used,Automatic,1.5,97500.0,69800.0
164,2019,BMW,X3,used,Automatic,2.0,82500.0,169800.0
165,2013,Mercedes-Benz,B200,used,Automatic,1.6,127500.0,48000.0
166,2015/2016,Honda,HR-V,used,Automatic,1.8,112500.0,54800.0
167,2017,Toyota,Vios,used,Automatic,1.5,72500.0,51000.0
168,2014,BMW,528i,used,Automatic,2.0,97500.0,98000.0
169,2013,Audi,A4,used,Automatic,2.0,97500.0,49800.0
170,2013,nan,,used,Automatic,1.8,147500.0,44800.0
171,2016,Mercedes-Benz,E200,used,Automatic,2.0,87500.0,141800.0
172,2017,Mercedes-Benz,C350 e,used,Automatic,2.0,77500.0,96800.0
173,2016/2017,Mercedes-Benz,CLA180,used,Automatic,1.6,107500.0,124800.0
174,2018,BMW,330e,used,Automatic,2.0,112500.0,89800.0
175,2015,Mercedes-Benz,CLA200,used,Automatic,1.6,107500.0,103800.0
176,2017,Mazda,CX-5,used,Automatic,2.0,102500.0,69800.0
177,2017,BMW,530i,used,Automatic,2.0,107500.0,158800.0
178,2017,Honda,Accord,used,Automatic,2.0,142500.0,82800.0
179,2018,BMW,X3,used,Automatic,2.0,147500.0,145800.0
180,2019,BMW,330i,used,Automatic,2.0,72500.0,189800.0
181,2019,BMW,520i,used,Automatic,2.0,77500.0,189800.0
182,2014,Mercedes-Benz,C250,used,Automatic,2.0,107500.0,109888.0
183,2020,nan,,used,Automatic,2.0,57500.0,268000.0
184,2014,Toyota,Vios,used,Automatic,1.5,92500.0,36800.0
185,2013,Kia,Cerato,used,Automatic,1.6,107500.0,26800.0
186,2018,Nissan,Navara,used,Automatic,2.5,127500.0,72800.0
187,2015,Nissan,Serena,used,Automatic,2.0,137500.0,51800.0
188,2015,Nissan,Teana,used,Automatic,2.0,72500.0,45999.0
189,2020/2021,BMW,X6,used,Automatic,3.0,17500.0,538800.0
190,2021,Toyota,Harrier,used,Automatic,2.0,17500.0,208000.0
191,2020,Audi,Q7,used,Automatic,3.0,27500.0,438000.0
192,2020,Audi,Q7,used,Automatic,3.0,42500.0,438000.0
193,2013,Honda,Accord,used,Automatic,2.4,117500.0,49800.0
194,2017,nan,,used,Automatic,5.0,47500.0,650000.0
195,2017,Honda,Civic,used,Automatic,1.8,132500.0,72800.0
196,2013,Volkswagen,Passat,used,Automatic,1.8,77500.0,25800.0
197,2014/2016,Toyota,Harrier,used,Automatic,2.0,87500.0,92999.0
198,2018,BMW,X3,used,Automatic,2.0,57500.0,159800.0
199,2016,BMW,318i,used,Automatic,1.5,97500.0,69800.0
200,2016,Mazda,CX-3,used,Automatic,2.0,87500.0,61800.0
201,2016,Volvo,XC90,used,Automatic,2.0,82500.0,139900.0
202,2013,MINI,Countryman,used,Automatic,1.6,97500.0,65800.0
203,2015,Honda,Jazz,used,Automatic,1.5,87500.0,51800.0
204,2017,Honda,Civic,used,Automatic,1.8,92500.0,75800.0
205,2018,Perodua,AXIA,used,Automatic,1.0,147500.0,27800.0
206,2019,MINI,3 Door,used,Automatic,2.0,42500.0,178800.0
207,2016,Honda,HR-V,used,Automatic,1.8,77500.0,56800.0
208,2014,Honda,Jazz,used,Automatic,1.5,97500.0,49800.0
209,2015,Toyota,Corolla Altis,used,Automatic,1.8,92500.0,55800.0
210,2020,Proton,Iriz,used,Automatic,1.6,57500.0,35800.0
211,2014,Toyota,Vios,used,Automatic,1.5,132500.0,39800.0
212,2015,BMW,X3,used,Automatic,2.0,142500.0,75800.0
213,2016,Honda,Accord,used,Automatic,2.0,107500.0,78800.0
214,2019,Honda,HR-V,used,Automatic,1.8,32500.0,83500.0
215,2017,Toyota,Hilux,used,Automatic,2.4,52500.0,93888.0
216,2013,Peugeot,408,used,Automatic,2.0,102500.0,10800.0
217,2014,Honda,Civic,used,Automatic,1.5,127500.0,24800.0
218,2019,Nissan,Serena,used,Automatic,2.0,68476.0,89900.0
219,2013,Mercedes-Benz,E250,used,Automatic,2.0,122500.0,81800.0
220,2014,BMW,X1,used,Automatic,2.0,77500.0,54800.0
221,2008,Nissan,Grand Livina,used,Automatic,1.6,137500.0,16800.0
222,2010/2014,nan,,used,Automatic,1.8,147500.0,35900.0
223,2014,BMW,320i,used,Automatic,2.0,112500.0,62800.0
224,2012,Volvo,S60,used,Automatic,1.6,122500.0,22900.0
225,2015/2016,Mercedes-Benz,A45 AMG,used,Automatic,2.0,97500.0,142800.0
226,2014/2015,Mercedes-Benz,A250,used,Automatic,2.0,107500.0,78800.0
227,2016,Mercedes-Benz,C200,used,Automatic,2.0,92500.0,99800.0
228,2017,Honda,City,used,Automatic,1.5,102500.0,60800.0
229,2013,Ford,Ranger,used,Automatic,3.2,127500.0,43800.0
230,2016,nan,,used,Automatic,1.6,67500.0,43800.0
231,2015,Toyota,Vellfire,used,Automatic,2.5,87500.0,166800.0
232,2017,Mitsubishi,Triton,used,Manual,2.5,62500.0,51800.0
233,2013,Volkswagen,Golf,used,Automatic,2.0,77500.0,81800.0
234,2018,Mazda,CX-5,used,Automatic,2.2,72500.0,89800.0
235,2016,Subaru,Forester,used,Automatic,2.0,87500.0,42800.0
236,2014,Subaru,XV,used,Automatic,2.0,97500.0,36800.0
237,2018,Honda,CR-V,used,Automatic,2.0,62500.0,95800.0
238,2015,Honda,CR-V,used,Automatic,2.0,132500.0,58800.0
239,2016,Perodua,Myvi,used,Automatic,1.5,97500.0,34800.0
240,2015,Mercedes-Benz,GLA250,used,Automatic,2.0,82500.0,110800.0
241,2016,nan,,used,Automatic,2.0,82500.0,61800.0
242,2013,Kia,Cerato,used,Automatic,2.0,102500.0,28800.0
243,2014,BMW,X5,used,Automatic,3.0,87500.0,108800.0
244,2015,Mercedes-Benz,GLA200,used,Automatic,1.6,82500.0,98500.0
245,2015/2016,Peugeot,5008,used,Automatic,1.6,137500.0,27800.0
246,2018,Nissan,Serena,used,Automatic,2.0,82500.0,81800.0
247,2017,BMW,X5,used,Automatic,2.0,77500.0,92800.0
248,2017,Kia,Cerato,used,Automatic,1.6,117500.0,49800.0
249,2015/2016,Volkswagen,Jetta,used,Automatic,1.4,77500.0,27888.0
250,2018,Mercedes-Benz,C350 e,used,Automatic,2.0,87500.0,109800.0
251,2018,Peugeot,3008,used,Automatic,1.6,97500.0,63999.0
252,2017,Kia,Rio,used,Automatic,1.4,77500.0,22999.0
253,2013,Subaru,XV,used,Automatic,2.0,92500.0,28700.0
254,2014,Mazda,6,used,Automatic,2.0,92500.0,41999.0
255,2015,Mazda,6,used,Automatic,2.0,97500.0,62999.0
256,2014,Mitsubishi,ASX,used,Automatic,2.0,97500.0,35999.0
257,2016,Mazda,6,used,Automatic,2.0,87500.0,59999.0
258,2015,Honda,Civic,used,Automatic,1.8,87500.0,52800.0
259,2019,Perodua,AXIA,used,Automatic,1.0,87500.0,28800.0
260,2018,Toyota,Hilux,used,Automatic,2.4,87500.0,90800.0
261,2015,Honda,City,used,Automatic,1.5,87500.0,45800.0
262,2014,Proton,Saga,used,Automatic,1.3,97500.0,15800.0
263,2013,Perodua,Alza,used,Automatic,1.5,142500.0,27000.0
264,2013,Mazda,6,used,Automatic,2.5,95965.0,49700.0
265,2019,Toyota,Vellfire,used,Automatic,2.5,57500.0,218800.0
266,2013,Land,Rover Range Rover Evoque,used,Automatic,2.0,67500.0,88000.0
267,2013,BMW,520i,used,Automatic,2.0,87500.0,63000.0
268,2017/2018,BMW,530i,used,Automatic,2.0,102500.0,139900.0
269,2015,Subaru,XV,used,Automatic,2.0,77500.0,37800.0
270,2012/2013,nan,,used,Automatic,1.8,87500.0,42800.0
271,2019,Toyota,Vellfire,used,Automatic,2.5,27500.0,247888.0
272,2019,Toyota,Vellfire,used,Automatic,2.5,32500.0,238888.0
273,2019,Mercedes-Benz,C200,used,Automatic,1.5,92500.0,142000.0
274,2013,Honda,Civic,used,Automatic,2.0,102500.0,39800.0
275,2015,Honda,HR-V,used,Automatic,1.8,102500.0,49800.0
276,2014,Volkswagen,Jetta,used,Automatic,1.4,92500.0,26800.0
277,2016,Mazda,2,used,Automatic,1.5,87500.0,46800.0
278,2014,Mazda,CX-5,used,Automatic,2.0,97500.0,53800.0
279,2017,Perodua,Bezza,used,Automatic,1.3,112500.0,32800.0
280,2014,Nissan,Sylphy,used,Automatic,1.8,122500.0,35800.0
281,2017,Honda,CR-V,used,Automatic,1.5,87500.0,98800.0
282,2019,Proton,X70,used,Automatic,1.8,87500.0,63800.0
283,2020,nan,,used,Automatic,2.8,17500.0,298000.0
284,2018/2019,Mazda,CX-3,used,Automatic,2.0,52500.0,82999.0
285,2018/2022,MINI,3 Door,used,Automatic,2.0,37500.0,149999.0
286,2019,Honda,Jazz,used,Automatic,1.5,32500.0,62999.0
287,2020,Honda,Civic,used,Automatic,1.8,27500.0,92999.0
288,2016,Nissan,Almera,used,Automatic,1.5,97500.0,29999.0
289,2015/2020,Lexus,IS250,used,Automatic,2.5,82500.0,139999.0
290,2014,Perodua,Alza,used,Automatic,1.5,92500.0,33800.0
291,2013,Proton,Preve,used,Automatic,1.6,132500.0,18800.0
292,2015,Honda,Accord,used,Automatic,2.4,117500.0,57800.0
293,2017,Honda,City,used,Automatic,1.5,72500.0,51800.0
294,2013,Proton,Saga,used,Automatic,1.3,117500.0,14300.0
295,2019,BMW,X1,used,Automatic,2.0,32500.0,115000.0
296,2019,BMW,530i,used,Automatic,2.0,57500.0,190000.0
297,2019,Volkswagen,Tiguan,used,Automatic,1.4,67500.0,89800.0
298,2022,Toyota,Alphard,used,Automatic,2.5,27500.0,238500.0
299,2013,Kia,Cerato,used,Automatic,1.6,142500.0,25800.0
300,2013,Mazda,6,used,Automatic,2.5,127500.0,42800.0
301,2013,Volkswagen,Beetle,used,Automatic,1.2,127500.0,45800.0
302,2013,Volkswagen,Beetle,used,Automatic,1.2,127500.0,44800.0
303,2017,Mercedes-Benz,C200,used,Automatic,2.0,57500.0,133000.0
304,2019,Haval,H2,used,Automatic,1.5,52500.0,45800.0
305,2017,Land,Rover Range Rover Sport,used,Automatic,5.0,42500.0,499999.0
306,2015,Mercedes-Benz,GLA200,used,Automatic,1.6,82500.0,79800.0
307,2017/2019,Lexus,RX200t,used,Automatic,2.0,67500.0,219999.0
308,2021,Ford,MUSTANG,used,Automatic,2.3,37500.0,278000.0
309,2015,Toyota,Vellfire,used,Automatic,2.5,137500.0,155800.0
310,2017,Toyota,Camry,used,Automatic,2.5,87500.0,79800.0
311,2020,Volkswagen,Tiguan,used,Automatic,1.4,67500.0,85800.0
312,2013,Kia,Cerato,used,Automatic,2.0,127500.0,28800.0
313,2014,Mercedes-Benz,A250,used,Automatic,2.0,107500.0,83800.0
314,2021,nan,,used,Automatic,2.8,12500.0,308000.0
315,2022,nan,,used,Automatic,2.0,7500.0,178000.0
316,2021,nan,,used,Automatic,2.8,7500.0,308000.0
317,2022,nan,,used,Automatic,2.0,2500.0,188000.0
318,2021,nan,,used,Automatic,2.0,17500.0,298000.0
319,2022,nan,,used,Automatic,2.0,2500.0,178000.0
320,2021,Toyota,Alphard,used,Automatic,2.5,12500.0,285000.0
321,2014,Perodua,Myvi,used,Manual,1.3,77500.0,16800.0
322,2013,Mercedes-Benz,A250,used,Automatic,2.0,87500.0,73888.0
323,2015,Mazda,2,used,Automatic,1.5,107500.0,41800.0
324,2015,Proton,Perdana,used,Automatic,2.0,97500.0,37800.0
325,2021,nan,,used,Automatic,2.0,17500.0,298000.0
326,2013,Volkswagen,Jetta,used,Automatic,1.4,122500.0,22800.0
327,2017,MINI,Clubman,used,Automatic,2.0,42500.0,188888.0
328,2021,nan,,used,Automatic,2.5,72500.0,135800.0
329,2016,Mercedes-Benz,C350 e,used,Automatic,2.0,97500.0,99999.0
330,2016/2017,Audi,Q3,used,Automatic,1.4,77500.0,69588.0
331,2015,Mercedes-Benz,A45 AMG,used,Automatic,2.0,82500.0,163800.0
332,2016,nan,,used,Automatic,2.5,62500.0,58888.0
333,2014,Proton,Saga,used,Automatic,1.3,107500.0,15800.0
334,2019,Proton,Saga,used,Automatic,1.3,72500.0,27800.0
335,2016,Honda,City,used,Automatic,1.5,87500.0,45800.0
336,2018,Perodua,Myvi,used,Automatic,1.3,67500.0,37800.0
337,2013/2014,Honda,Accord,used,Automatic,2.0,132500.0,44800.0
338,2013,Toyota,Vios,used,Automatic,1.5,117500.0,31999.0
339,2014/2016,Land,Rover Range Rover Sport,used,Automatic,3.0,87500.0,199999.0
340,2014,Kia,Sportage,used,Automatic,2.0,122500.0,37999.0
341,2013,Kia,Optima K5,used,Automatic,2.0,97500.0,36999.0
342,2014,Hyundai,Tucson,used,Automatic,2.0,92500.0,35999.0
343,2013/2014,Volkswagen,Golf,used,Automatic,2.0,102500.0,85888.0
344,2015,BMW,320i,used,Automatic,2.0,82500.0,79800.0
345,2019,Honda,Civic,used,Automatic,1.8,72500.0,89800.0
346,2016,Honda,Civic,used,Automatic,1.5,67500.0,86800.0
347,2014,Mercedes-Benz,A200,used,Automatic,1.6,97500.0,75800.0
348,2017/2019,Proton,Perdana,used,Automatic,2.4,72500.0,44800.0
349,2020/2021,Mitsubishi,Triton,used,Automatic,2.4,92500.0,91800.0
350,2016,Honda,Accord,used,Automatic,2.0,82500.0,56800.0
351,2017,Volkswagen,Passat,used,Automatic,1.8,57500.0,53800.0
352,2019,Mercedes-Benz,C200,used,Automatic,1.5,57500.0,151800.0
353,2014,Honda,City,used,Automatic,1.5,142500.0,35800.0
354,2014,Peugeot,208,used,Automatic,1.6,97500.0,19800.0
355,2017,BMW,X1,used,Automatic,2.0,122500.0,88800.0
356,2017,nan,,used,Automatic,2.0,87500.0,159800.0
357,2018,Honda,Jazz,used,Automatic,1.5,87500.0,59800.0
358,2017,MINI,Countryman,used,Automatic,2.0,87500.0,136800.0
359,2014,Audi,Q5,used,Automatic,2.0,87500.0,45800.0
360,2015/2020,Toyota,Harrier,used,Automatic,2.0,82500.0,94800.0
361,2014,Mitsubishi,ASX,used,Automatic,2.0,92500.0,33999.0
362,2015,Mercedes-Benz,E300,used,Automatic,2.1,132500.0,65800.0
363,2013,Hyundai,Sonata,used,Automatic,2.0,107500.0,27999.0
364,2020/2021,Proton,X70,used,Automatic,1.8,72500.0,72800.0
365,2016/2017,Isuzu,D-Max,used,Manual,2.5,77500.0,53800.0
366,2020,nan,,used,Automatic,2.8,32500.0,298000.0
367,2020,Audi,Q7,used,Automatic,3.0,37500.0,438000.0
368,2016,Mazda,3,used,Automatic,2.0,107500.0,49900.0
369,2015,Honda,HR-V,used,Automatic,1.8,107500.0,54800.0
370,2015,Mercedes-Benz,CLA200,used,Automatic,1.6,107500.0,101800.0
371,2014,Toyota,Vios,used,Automatic,1.5,92500.0,43800.0
372,2017,nan,,used,Automatic,2.0,57500.0,158800.0
373,2014,Honda,City,used,Automatic,1.5,77500.0,39800.0
374,2016,Mazda,CX-5,used,Automatic,2.0,132500.0,63999.0
375,2014/2016,Toyota,Harrier,used,Automatic,2.0,82500.0,104999.0
376,2018,BMW,330e,used,Automatic,2.0,102500.0,89800.0
377,2017,Honda,Jazz,used,Automatic,1.5,107500.0,56800.0
378,2018,nan,,used,Automatic,2.0,107500.0,218000.0
379,2015,Honda,Jazz,used,Automatic,1.5,87500.0,49999.0
380,2014,Toyota,Vios,used,Automatic,1.5,92500.0,37999.0
381,2015,Nissan,X-Trail,used,Automatic,2.0,77500.0,44800.0
382,2017,Mercedes-Benz,E250,used,Automatic,2.0,52500.0,185000.0
383,2014/2019,Toyota,Alphard,used,Automatic,2.4,142500.0,109800.0
384,2013,Honda,Civic,used,Automatic,2.0,97500.0,39800.0
385,2015,BMW,X5,used,Automatic,3.0,87500.0,125800.0
386,2018,Peugeot,3008,used,Automatic,1.6,72500.0,62800.0
387,2014,BMW,320i,used,Automatic,2.0,122500.0,64800.0
388,2016,Mazda,CX-3,used,Automatic,2.0,42500.0,59999.0
389,2017,BMW,330e,used,Automatic,2.0,67500.0,79999.0
390,2012/2013,Nissan,Navara,used,Automatic,2.5,107500.0,33800.0
391,2017,BMW,X6,used,Automatic,3.0,117500.0,178000.0
392,2019,BMW,530e,used,Automatic,2.0,42500.0,162000.0
393,2016,Mitsubishi,Triton,used,Automatic,2.4,72500.0,65800.0
394,2015,BMW,328i,used,Automatic,2.0,122500.0,79800.0
395,2018,Honda,City,used,Automatic,1.5,112500.0,58800.0
396,2018,Mitsubishi,Triton,used,Automatic,2.4,107500.0,77000.0
397,2019,Honda,City,used,Automatic,1.5,52500.0,59800.0
398,2019/2021,nan,,used,Automatic,2.9,12500.0,638800.0
399,2014,Honda,City,used,Automatic,1.5,97500.0,39800.0
400,2014,Mazda,CX-5,used,Automatic,2.0,92500.0,47800.0
401,2013,Mazda,6,used,Automatic,2.0,92500.0,48800.0
402,2015,Porsche,Macan,used,Automatic,3.0,92500.0,189900.0
403,2016,Mercedes-Benz,C180,used,Automatic,1.6,47500.0,105000.0
404,2015/2017,Toyota,Harrier,used,Automatic,2.0,66000.0,100000.0
405,2014,Lexus,ES250,used,Automatic,2.5,82500.0,85800.0
406,2015,Nissan,Navara,used,Manual,2.5,72500.0,45800.0
407,2018,Nissan,Navara,used,Manual,2.5,67500.0,54800.0
408,2014,Toyota,Vellfire,used,Automatic,3.5,77500.0,112000.0
409,2013,Lexus,RX350,used,Automatic,3.5,132500.0,79900.0
410,2014,Mazda,CX-5,used,Automatic,2.0,147500.0,39900.0
411,2019,Nissan,Serena,used,Automatic,2.0,112500.0,90800.0
412,2015,Audi,A3,used,Automatic,1.4,57500.0,55999.0
413,2020,Toyota,Alphard,used,Automatic,2.5,67500.0,235000.0
414,2015,Mazda,6,used,Automatic,2.5,102500.0,75800.0
415,2017,Mazda,6,used,Automatic,2.5,62500.0,89999.0
416,2016,Toyota,Sienta,used,Automatic,1.5,72500.0,53800.0
417,2013/2014,Honda,City,used,Automatic,1.5,92500.0,25999.0
418,2014,Audi,A3,used,Automatic,1.4,147500.0,43800.0
419,2015/2017,nan,,used,Automatic,5.0,97500.0,268686.0
420,2014,Ford,Ranger,used,Manual,2.2,102500.0,42800.0
421,2015,Ford,Ranger,used,Manual,2.2,87500.0,49800.0
422,2015,Peugeot,3008,used,Automatic,1.6,72500.0,26800.0
423,2015,Toyota,Harrier,used,Automatic,2.0,77500.0,91888.0
424,2016,Nissan,Navara,used,Manual,2.5,87500.0,46800.0
425,2014,Honda,Accord,used,Automatic,2.0,112500.0,53800.0
426,2014,Mercedes-Benz,E200,used,Automatic,2.0,82500.0,86800.0
427,2013,Audi,A6,used,Automatic,2.0,132500.0,41888.0
428,2013/2014,BMW,320i,used,Automatic,2.0,92500.0,50888.0
429,2018,nan,,used,Automatic,3.0,97500.0,187999.0
430,2015,Nissan,Serena,used,Automatic,2.0,107500.0,56800.0
431,2016,Honda,HR-V,used,Automatic,1.8,82500.0,46800.0
432,2018,Mercedes-Benz,A200,used,Automatic,1.3,97500.0,136800.0
433,2018,Audi,A7,used,Automatic,3.0,42500.0,329800.0
434,2013,Toyota,Vellfire,used,Automatic,3.5,97500.0,86888.0
435,2018,Kia,Sportage,used,Automatic,2.0,47500.0,68800.0
436,2017,Perodua,AXIA,used,Automatic,1.0,92500.0,32800.0
437,2019,Honda,City,used,Automatic,1.5,77500.0,62800.0
438,2020,Perodua,Myvi,used,Automatic,1.5,72500.0,48800.0
439,2016,BMW,X1,used,Automatic,2.0,87500.0,82800.0
440,2020,nan,,used,Automatic,2.0,12500.0,288000.0
441,2019,Toyota,Alphard,used,Automatic,2.5,22500.0,248888.0
442,2019/2021,nan,,used,Automatic,2.9,12500.0,638800.0
443,2020,nan,,used,Automatic,2.0,32500.0,289000.0
444,2019,Toyota,Rush,used,Automatic,1.5,117500.0,61800.0
445,2017,Honda,Civic,used,Automatic,1.8,112500.0,70800.0
446,2018,Mazda,CX-5,used,Automatic,2.5,72500.0,98800.0
447,2018,nan,,used,Automatic,2.0,32500.0,141800.0
448,2016,Toyota,Hilux,used,Manual,2.5,82500.0,55800.0
449,2021,Volkswagen,Tiguan,used,Automatic,1.4,47500.0,116800.0
450,2020,Proton,Iriz,used,Automatic,1.6,42500.0,33800.0
451,2020,Perodua,AXIA,used,Automatic,1.0,72500.0,26800.0
452,2017,Toyota,Fortuner,used,Automatic,2.7,77500.0,115888.0
453,2015,Nissan,Serena,used,Automatic,2.0,77500.0,51800.0
454,2013,Toyota,Vellfire,used,Automatic,3.5,122500.0,79800.0
455,2019,Land,Rover Range Rover Sport,used,Automatic,3.0,32500.0,355800.0
456,2013,Isuzu,D-Max,used,Automatic,2.5,112500.0,49800.0
457,2014,Volkswagen,Beetle,used,Automatic,1.2,57500.0,59800.0
458,2016,Honda,Accord,used,Automatic,2.0,82500.0,79800.0
459,2014,Nissan,Teana,used,Automatic,2.0,92500.0,46800.0
460,2013,nan,,used,Automatic,1.8,122500.0,53800.0
461,2018,Mercedes-Benz,C200,used,Automatic,1.5,92500.0,151000.0
462,2017,Toyota,Harrier,used,Automatic,2.0,42500.0,159888.0
463,2019,Mercedes-Benz,C200,used,Automatic,1.5,72500.0,169800.0
464,2019,nan,,used,Automatic,3.0,32500.0,310000.0
465,2015,Honda,HR-V,used,Automatic,1.8,107500.0,52800.0
466,2013,Land,Rover Range Rover Evoque,used,Automatic,2.0,107500.0,78800.0
467,2019/2020,nan,,used,Automatic,3.0,12500.0,415000.0
468,2016,BMW,X4,used,Automatic,2.0,92500.0,119888.0
469,2019,Perodua,Alza,used,Automatic,1.5,92500.0,49800.0
470,2016,Perodua,Myvi,used,Automatic,1.5,62500.0,34900.0
471,2016,Honda,Accord,used,Automatic,2.0,77500.0,75000.0
472,2016/2018,Ford,MUSTANG,used,Automatic,2.3,72500.0,169999.0
473,2016,Mercedes-Benz,C200,used,Automatic,2.0,57500.0,115999.0
474,2012,Suzuki,Grand Vitara,used,Automatic,2.0,122500.0,20800.0
475,2017,Toyota,Sienta,used,Automatic,1.5,77500.0,63800.0
476,2013,Lexus,CT200h,used,Automatic,1.8,137500.0,45800.0
477,2018,Perodua,Myvi,used,Automatic,1.5,82500.0,44800.0
478,2016,Lexus,NX200t,used,Automatic,2.0,122500.0,148800.0
479,2013,Kia,Rio,used,Automatic,1.4,92500.0,29800.0
480,2015,Honda,HR-V,used,Automatic,1.8,132500.0,61800.0
481,2021,BMW,330i,used,Automatic,2.0,92500.0,210000.0
482,2022,nan,,used,Automatic,2.0,12500.0,320000.0
483,2017,Mitsubishi,Triton,used,Automatic,2.4,72500.0,72999.0
484,2017,Lexus,RX350,used,Automatic,3.5,67500.0,238888.0
485,2015,Volvo,XC60,used,Automatic,2.0,92500.0,76888.0
486,2018,Mazda,CX-5,used,Automatic,2.0,102500.0,96800.0
487,2019,BMW,X3,used,Automatic,2.0,72500.0,168500.0
488,2013,Honda,City,used,Automatic,1.5,97500.0,27999.0
489,2020,Perodua,Myvi,used,Automatic,1.5,67500.0,39800.0
490,2018,BMW,318i,used,Automatic,1.5,72500.0,83800.0
491,2014,Peugeot,2008,used,Automatic,1.6,122500.0,20800.0
492,2018,Mazda,CX-5,used,Automatic,2.2,62500.0,80800.0
493,2015,Mercedes-Benz,E250,used,Automatic,2.0,87500.0,97800.0
494,2018,Mercedes-Benz,C200,used,Automatic,2.0,132500.0,133800.0
495,2014,Perodua,AXIA,used,Automatic,1.0,57500.0,24800.0
496,2013,Proton,Saga,used,Automatic,1.3,97500.0,14800.0
497,2014,Proton,Inspira,used,Automatic,2.0,92500.0,26800.0
498,2015,Honda,CR-V,used,Automatic,2.0,102500.0,60800.0
499,2018,Toyota,Vellfire,used,Automatic,3.5,87500.0,198500.0
500,2014,Hyundai,Sonata,used,Automatic,2.0,122500.0,29800.0
501,2015,Mercedes-Benz,E300,used,Automatic,2.1,87500.0,59999.0
502,2015,Perodua,Alza,used,Automatic,1.5,87500.0,37999.0
503,2014,BMW,528i,used,Automatic,2.0,87500.0,85999.0
504,2018,Kia,Cerato,used,Automatic,1.6,57500.0,48999.0
505,2014,Honda,CR-V,used,Automatic,2.4,82500.0,47999.0
506,2015,Honda,CR-V,used,Automatic,2.4,82500.0,57999.0
507,2017,BMW,330e,used,Automatic,2.0,62500.0,73999.0
508,2015,Volkswagen,Passat,used,Automatic,1.8,87500.0,32999.0
509,2015,Hyundai,Tucson,used,Automatic,2.0,87500.0,35999.0
510,2016,Subaru,Forester,used,Automatic,2.0,87500.0,45999.0
511,2015,Mercedes-Benz,A250,used,Automatic,2.0,12500.0,109900.0
512,2019,Proton,X70,used,Automatic,1.8,52500.0,61800.0
513,2017,Isuzu,D-Max,used,Manual,2.5,92500.0,49800.0
514,2016,Kia,Sportage,used,Automatic,2.0,62500.0,44800.0
515,2015/2016,BMW,320i,used,Automatic,2.0,122500.0,85888.0
516,2013/2014,nan,,used,Automatic,4.7,112500.0,199900.0
517,2014,nan,,used,Automatic,3.5,117500.0,108800.0
518,2015,Mercedes-Benz,E300,used,Automatic,2.1,92500.0,63999.0
519,2018,Toyota,Innova,used,Automatic,2.0,92500.0,79999.0
520,2018,Volkswagen,Beetle,used,Automatic,1.2,42500.0,92800.0
521,2015,Honda,HR-V,used,Automatic,1.8,132500.0,45800.0
522,2018,BMW,X3,used,Automatic,2.0,48000.0,165000.0
523,2019,Isuzu,D-Max,used,Manual,2.5,52500.0,53800.0
524,2017,Mazda,CX-3,used,Automatic,2.0,82500.0,69800.0
525,2017,Honda,City,used,Automatic,1.5,92500.0,45999.0
526,2016,Mazda,3,used,Automatic,2.0,92500.0,45999.0
527,2019/2022,MINI,3 Door,used,Automatic,2.0,52500.0,149999.0
528,2019,Mazda,CX-5,used,Automatic,2.2,62500.0,87800.0
529,2013,Perodua,Alza,used,Automatic,1.5,117500.0,26800.0
530,2017,Honda,CR-V,used,Automatic,2.0,137500.0,68800.0
531,2019,Proton,X70,used,Automatic,1.8,52500.0,69800.0
532,2017,Volkswagen,Jetta,used,Automatic,1.4,67500.0,55999.0
533,2015/2016,Toyota,Vellfire,used,Automatic,2.5,72500.0,157999.0
534,2016,Mercedes-Benz,E250,used,Automatic,2.0,92500.0,123000.0
535,2017,Toyota,Vellfire,used,Automatic,3.5,77500.0,198000.0
536,2015,Mercedes-Benz,CLA250,used,Automatic,2.0,107500.0,122000.0
537,2016,Isuzu,D-Max,used,Manual,2.5,87500.0,41800.0
538,2015,Volkswagen,Golf,used,Automatic,1.4,87500.0,60888.0
539,2015,Kia,Cerato,used,Automatic,1.6,97500.0,35999.0
540,2015,Ford,Ranger,used,Automatic,2.2,117500.0,50800.0
541,2015/2016,Ford,Ranger,used,Manual,2.2,127500.0,56800.0
542,2014,Mazda,BT-50,used,Manual,2.5,142500.0,21900.0
543,2016/2017,Nissan,Navara,used,Automatic,2.5,82500.0,66999.0
544,2017,Nissan,Serena,used,Automatic,2.0,82500.0,63999.0
545,2015,Mazda,CX-5,used,Automatic,2.5,77500.0,55800.0
546,2019,Mercedes-Benz,E300,used,Automatic,2.0,42500.0,249000.0
547,2015,nan,,used,Automatic,3.0,97500.0,129800.0
548,2015,nan,,used,Automatic,3.5,97500.0,129999.0
549,2016,BMW,520i,used,Automatic,2.0,87500.0,109800.0
550,2013,Honda,Civic,used,Automatic,2.0,102500.0,36800.0
551,2014,Mazda,Biante,used,Automatic,2.0,92500.0,49999.0
552,2014/2015,Audi,A5,used,Automatic,2.0,107500.0,79888.0
553,2016,Toyota,Corolla Altis,used,Automatic,1.8,82500.0,70800.0
554,2017,Honda,HR-V,used,Automatic,1.8,77500.0,69800.0
555,2013,Kia,Rio,used,Automatic,1.4,102500.0,21999.0
556,2017,Perodua,AXIA,used,Automatic,1.0,77500.0,31999.0
557,2017,Honda,CR-V,used,Automatic,1.5,82500.0,95800.0
558,2018,Honda,City,used,Automatic,1.5,62500.0,59800.0
559,2017,Honda,HR-V,used,Automatic,1.8,82500.0,59500.0
560,2012,Honda,CR-V,used,Automatic,2.0,117500.0,33800.0
561,2016,Mazda,CX-3,used,Automatic,2.0,82500.0,63999.0
562,2019,Subaru,XV,used,Automatic,2.0,52500.0,75999.0
563,2016,BMW,318i,used,Automatic,1.5,57500.0,67999.0
564,2018,Subaru,XV,used,Automatic,2.0,62500.0,65999.0
565,2013,Ford,Ranger,used,Manual,2.2,132500.0,34800.0
566,2015,Peugeot,208,used,Automatic,1.6,82500.0,18999.0
567,2017,Toyota,Vellfire,used,Automatic,2.5,87500.0,169900.0
568,2017,Toyota,Corolla Altis,used,Automatic,1.8,107500.0,65800.0
569,2014,nan,,used,Automatic,1.6,147500.0,22800.0
570,2015,Honda,Accord,used,Automatic,2.4,92500.0,48800.0
571,2017,Honda,Accord,used,Automatic,2.0,92500.0,79800.0
572,2019,Nissan,Navara,used,Automatic,2.5,72500.0,66800.0
573,2014,Kia,Cerato,used,Automatic,1.6,92500.0,26999.0
574,2016,Mitsubishi,ASX,used,Automatic,2.0,72500.0,45999.0
575,2015,MINI,3 Door,used,Automatic,2.0,62500.0,98888.0
576,2015,Honda,HR-V,used,Automatic,1.8,82500.0,62888.0
577,2022,Ford,MUSTANG,used,Automatic,2.3,17500.0,298000.0
578,2015,Peugeot,508,used,Automatic,1.6,77500.0,27999.0
579,2020,nan,,used,Automatic,2.0,32500.0,325000.0
580,2022,Toyota,Alphard,used,Automatic,3.5,7500.0,490000.0
581,2021,Toyota,Alphard,used,Automatic,2.5,17500.0,298000.0
582,2014,Subaru,XV,used,Automatic,2.0,87500.0,33800.0
583,2014,Kia,Cerato,used,Automatic,1.6,112500.0,29800.0
584,2018,Honda,Jazz,used,Automatic,1.5,62500.0,56800.0
585,2016,Mazda,CX-5,used,Automatic,2.0,87500.0,63800.0
586,2017,Kia,Carnival,used,Automatic,2.2,92500.0,99800.0
587,2013,Toyota,Innova,used,Automatic,2.0,132500.0,33800.0
588,2016,Mercedes-Benz,C200,used,Automatic,2.0,22500.0,121800.0
589,2015,Lexus,ES250,used,Automatic,2.5,47500.0,96800.0
590,2017/2022,Toyota,Harrier,used,Automatic,2.0,72500.0,139800.0
591,2016/2017,Mercedes-Benz,E200,used,Automatic,2.0,82500.0,160999.0
592,2018,Honda,City,used,Automatic,1.5,57500.0,51999.0
593,2015,Hyundai,Tucson,used,Automatic,2.0,67500.0,59999.0
594,2020,Honda,Accord,used,Automatic,1.5,87500.0,139999.0
595,2021,Perodua,Aruz,used,Automatic,1.5,72500.0,59999.0
596,2016,Nissan,Navara,used,Automatic,2.5,57500.0,67999.0
597,2017,Honda,BR-V,used,Automatic,1.5,57500.0,49999.0
598,2014,Volkswagen,Beetle,used,Automatic,1.2,92500.0,49999.0
599,2014/2018,Toyota,Vellfire,used,Automatic,2.4,77500.0,119999.0
600,2012,BMW,520i,used,Automatic,2.0,127500.0,56900.0
601,2013,nan,,used,Automatic,2.0,107500.0,99900.0
602,2016,nan,,used,Automatic,3.6,97500.0,198500.0
603,2017,Land,Rover Range Rover Sport,used,Automatic,5.0,92500.0,268500.0
604,2017,nan,,used,Automatic,3.5,52500.0,248800.0
605,2017,Nissan,Almera,used,Automatic,1.5,67500.0,34999.0
606,2014,Volkswagen,Beetle,used,Automatic,1.2,67500.0,55999.0
607,2015,Mazda,CX-5,used,Automatic,2.0,62500.0,51999.0
608,2018,Toyota,Alphard,used,Automatic,3.5,97500.0,198500.0
609,2015,Honda,CR-V,used,Automatic,2.4,102500.0,65800.0
610,2014/2017,Toyota,Vellfire,used,Automatic,2.4,42500.0,106800.0
611,2018,Mazda,CX-5,used,Automatic,2.0,52500.0,115888.0
612,2018,Honda,Civic,used,Automatic,1.5,92500.0,99990.0
613,2015,Mercedes-Benz,C200,used,Automatic,2.0,97500.0,119000.0
614,2018,Honda,Civic,used,Automatic,1.5,77500.0,91800.0
615,2013,Honda,Jazz,used,Automatic,1.5,72500.0,34800.0
616,2018,Perodua,Myvi,used,Automatic,1.5,57500.0,46800.0
617,2014,Honda,Odyssey,used,Automatic,2.4,92500.0,85800.0
618,2018,Mazda,CX-5,used,Automatic,2.5,62500.0,98800.0
619,2016,Toyota,Camry,used,Automatic,2.5,57500.0,72999.0
620,2017,Volkswagen,Passat,used,Automatic,1.8,67500.0,59999.0
621,2019,Lexus,NX300,used,Automatic,2.0,12500.0,209000.0
622,2019,Honda,CR-V,used,Automatic,1.5,87500.0,106800.0
623,2018,Mazda,CX-5,used,Automatic,2.0,97500.0,96800.0
624,2018,Volkswagen,Beetle,used,Automatic,1.2,77500.0,99800.0
625,2014,Volkswagen,Beetle,used,Automatic,1.2,92500.0,59888.0
626,2016/2019,nan,,used,Automatic,5.7,62500.0,388800.0
627,2012,Volkswagen,Golf,used,Automatic,2.0,127500.0,55800.0
628,2015,Nissan,Teana,used,Automatic,2.0,92500.0,45999.0
629,2013,Toyota,Vios,used,Automatic,1.5,92500.0,37999.0
630,2017,Perodua,AXIA,used,Automatic,1.0,72500.0,26999.0
631,2017,BMW,118i,used,Automatic,1.5,77500.0,69999.0
632,2018,Honda,BR-V,used,Automatic,1.5,97500.0,53800.0
633,2016,Honda,CR-V,used,Automatic,2.4,82500.0,65800.0
634,2015,Mazda,CX-5,used,Automatic,2.0,97500.0,55800.0
635,2016,Honda,Jazz,used,Automatic,1.5,72500.0,46999.0
636,2014,Volkswagen,Golf,used,Automatic,2.0,132500.0,95800.0
637,2016,Perodua,Alza,used,Manual,1.5,92500.0,25800.0
638,2014,Volkswagen,Beetle,used,Automatic,1.2,107500.0,63800.0
639,2017,Nissan,X-Trail,used,Automatic,2.0,82500.0,47800.0
640,2014/2015,Toyota,Corolla Altis,used,Automatic,1.8,102500.0,48800.0
641,2020,Lexus,NX300,used,Automatic,2.0,42500.0,223000.0
642,2020,Mitsubishi,Outlander,used,Automatic,2.4,57500.0,99999.0
643,2015,Nissan,Grand Livina,used,Automatic,1.6,77500.0,32999.0
644,2019,Proton,X70,used,Automatic,1.8,97500.0,59999.0
645,2014,nan,,used,Automatic,1.6,87500.0,22800.0
646,2016,Honda,CR-V,used,Automatic,2.4,102500.0,65800.0
647,2013,Perodua,Myvi,used,Automatic,1.5,122500.0,27300.0
648,2015,nan,,used,Automatic,2.0,62500.0,63800.0
649,2019,Peugeot,2008,used,Automatic,1.2,62500.0,43999.0
650,2017,Kia,Sorento,used,Automatic,2.4,52500.0,69999.0
651,2017,Toyota,Hilux,used,Automatic,2.8,92500.0,89800.0
652,2018,Mercedes-Benz,A250,used,Automatic,2.0,72500.0,169999.0
653,2021,Porsche,718,used,Automatic,2.0,2500.0,488000.0
654,2018,BMW,X1,used,Automatic,2.0,67500.0,89800.0
655,2018,Perodua,Bezza,used,Automatic,1.3,57500.0,32800.0
656,2019,Porsche,Macan,used,Automatic,2.0,22500.0,279000.0
657,2014,Toyota,Land Cruiser Prado,used,Automatic,2.7,92500.0,149888.0
658,2017,Subaru,Forester,used,Automatic,2.0,72500.0,49999.0
659,2018,Isuzu,D-Max,used,Manual,2.5,57500.0,59800.0
660,2015,Mercedes-Benz,GLA250,used,Automatic,2.0,77500.0,99888.0
661,2019/2020,Mercedes-Benz,GLC300,used,Automatic,2.0,32500.0,269900.0
662,2015,Volkswagen,Polo,used,Automatic,1.6,27500.0,32800.0
663,2015/2016,Volkswagen,Jetta,used,Automatic,1.4,82500.0,33888.0
664,2015,Audi,A3,used,Automatic,1.4,57500.0,54999.0
665,2014,Volvo,V40,used,Automatic,2.0,67500.0,45999.0
666,2016,Honda,HR-V,used,Automatic,1.8,82500.0,59999.0
667,2015,Toyota,Vellfire,used,Automatic,2.4,112500.0,109999.0
668,2018/2021,Porsche,718,used,Automatic,2.0,37500.0,398000.0
669,2017,Perodua,AXIA,used,Automatic,1.0,62500.0,28999.0
670,2014,Mazda,CX-5,used,Automatic,2.0,82500.0,43800.0
671,2017,Kia,Sportage,used,Automatic,2.0,72500.0,57800.0
672,2014,BMW,730Li,used,Automatic,3.0,97500.0,128500.0
673,2018,Honda,City,used,Automatic,1.5,72500.0,61800.0
674,2015,Honda,Jazz,used,Automatic,1.5,97500.0,47800.0
675,2018,nan,,used,Automatic,3.4,47500.0,478800.0
676,2016/2017,Lexus,RX200t,used,Automatic,2.0,77500.0,198800.0
677,2015/2018,Mercedes-Benz,E250,used,Automatic,2.0,87500.0,137999.0
678,2018,Mercedes-Benz,A250,used,Automatic,2.0,72500.0,169999.0
679,2017/2018,Mazda,2,used,Automatic,1.5,82500.0,49999.0
680,2018,Honda,City,used,Automatic,1.5,47500.0,49999.0
681,2014,Toyota,Vios,used,Automatic,1.5,72500.0,39999.0
682,2016,Honda,City,used,Automatic,1.5,62500.0,47999.0
683,2015,Toyota,Vios,used,Automatic,1.5,82500.0,46999.0
684,2021,nan,,used,Automatic,2.0,27500.0,348000.0
685,2022,Toyota,Land Cruiser,used,Automatic,3.3,12500.0,555000.0
686,2017,Honda,City,used,Automatic,1.5,62500.0,62800.0
687,2017,Subaru,XV,used,Automatic,2.0,77500.0,45800.0
688,2018,MINI,Countryman,used,Automatic,2.0,27500.0,159888.0
689,2022,nan,,used,Automatic,3.0,2500.0,1130000.0
690,2013,Perodua,Myvi,used,Automatic,1.3,77500.0,23800.0
691,2017,Subaru,XV,used,Automatic,2.0,92500.0,56800.0
692,2015,Hyundai,Elantra,used,Automatic,1.6,92500.0,26999.0
693,2018,Nissan,X-Trail,used,Automatic,2.0,52500.0,59999.0
694,2020,Toyota,Harrier,used,Automatic,2.0,47500.0,189000.0
695,2016,Honda,CR-V,used,Automatic,2.0,97500.0,63800.0
696,2016,Mercedes-Benz,C250,used,Automatic,2.0,62500.0,149000.0
697,2017,Hyundai,Ioniq,used,Automatic,1.6,62500.0,45999.0
698,2017,Ford,MUSTANG,used,Automatic,2.3,52500.0,199000.0
699,2013,BMW,520i,used,Automatic,2.0,92500.0,68000.0
700,2020,Perodua,Myvi,used,Automatic,1.5,92500.0,45800.0
701,2015,Mercedes-Benz,CLA200,used,Automatic,1.6,82500.0,108500.0
702,2013,Honda,Accord,used,Automatic,2.0,97500.0,48800.0
703,2019,nan,,used,Automatic,3.0,22500.0,529686.0
704,2016,BMW,520i,used,Automatic,2.0,72500.0,109999.0
705,2016/2020,Land,Rover Range Rover Evoque,used,Automatic,2.0,82500.0,109999.0
706,2015,Toyota,Harrier,used,Automatic,2.0,77500.0,129888.0
707,2020,Honda,Civic,used,Automatic,1.5,42500.0,111999.0
708,2013,Nissan,Almera,used,Automatic,1.5,117500.0,22000.0
709,2015,Perodua,Alza,used,Automatic,1.5,162500.0,34000.0
710,2018,Toyota,Vios,used,Automatic,1.5,72500.0,56800.0
711,2016,Mitsubishi,Triton,used,Automatic,2.4,67500.0,64800.0
712,2019,Ford,Ranger,used,Automatic,2.0,52500.0,148800.0
713,2016,Toyota,Harrier,used,Automatic,2.0,92500.0,115800.0
714,2015,Honda,Jazz,used,Automatic,1.5,72500.0,62000.0
715,2015,nan,,used,Automatic,5.0,92500.0,258500.0
716,2015,Honda,CR-V,used,Automatic,2.0,87500.0,59999.0
717,2017,Mercedes-Benz,GLA250,used,Automatic,2.0,37500.0,145888.0
718,2017/2019,Ford,MUSTANG,used,Automatic,2.3,42500.0,182999.0
719,2014,Toyota,Vios,used,Automatic,1.5,97500.0,44800.0
720,2020,Ford,Ranger,used,Automatic,2.0,72500.0,79800.0
721,2014,Hyundai,Sonata,used,Automatic,2.0,72500.0,45800.0
722,2014,Porsche,Boxster,used,Automatic,2.7,27500.0,248000.0
723,2015,Proton,Iriz,used,Automatic,1.6,92500.0,19800.0
724,2013,BMW,428i,used,Automatic,2.0,122500.0,92999.0
725,2016,Honda,HR-V,used,Automatic,1.8,72500.0,59999.0
726,2018,BMW,X1,used,Automatic,2.0,88300.0,117000.0
727,2013,Perodua,Myvi,used,Automatic,1.3,97500.0,21999.0
728,2018,BMW,X3,used,Automatic,2.0,87500.0,149999.0
729,2013,Volkswagen,Beetle,used,Automatic,1.2,82500.0,55999.0
730,2018,nan,,used,Automatic,2.0,27500.0,139888.0
731,2019,nan,,used,Automatic,2.0,11000.0,253000.0
732,2014/2017,Toyota,Estima,used,Automatic,2.4,92500.0,116800.0
733,2020,nan,,used,Automatic,3.0,32500.0,398000.0
734,2015,BMW,320i,used,Automatic,2.0,77500.0,66800.0
735,2017,Mercedes-Benz,C200,used,Automatic,2.0,112500.0,113800.0
736,2017/2021,Toyota,Estima,used,Automatic,2.4,37500.0,169800.0
737,2019,Toyota,Estima,used,Automatic,2.4,32500.0,169000.0
738,2017/2022,Toyota,Alphard,used,Automatic,2.5,62500.0,189800.0
739,2013,Perodua,Myvi,used,Automatic,1.3,102500.0,22999.0
740,2015,Isuzu,D-Max,used,Manual,2.5,122500.0,39999.0
741,2016,Honda,Civic,used,Automatic,1.8,77500.0,77999.0
742,2018,Proton,X70,used,Automatic,1.8,67500.0,65999.0
743,2015,Perodua,AXIA,used,Automatic,1.0,37500.0,26999.0
744,2015,Perodua,Myvi,used,Automatic,1.5,117500.0,34999.0
745,2017,Mercedes-Benz,GLA250,used,Automatic,2.0,67500.0,142999.0
746,2017,Honda,Jazz,used,Automatic,1.5,67500.0,54300.0
747,2018,Mercedes-Benz,GLA200,used,Automatic,1.6,72500.0,119800.0
748,2015,Honda,Jazz,used,Automatic,1.5,92500.0,41800.0
749,2016,Nissan,Navara,used,Automatic,2.5,72500.0,59800.0
750,2016,Mercedes-Benz,GLC250,used,Automatic,2.0,57500.0,159888.0
751,2019,Porsche,Macan,used,Automatic,2.0,27500.0,323000.0
752,2013,Perodua,Myvi,used,Automatic,1.5,142500.0,27300.0
753,2015,Mercedes-Benz,A250,used,Automatic,2.0,117500.0,108000.0
754,2021,nan,,used,Automatic,2.0,7500.0,283000.0
755,2021,Toyota,Alphard,used,Automatic,2.5,27500.0,265800.0
756,2015,Mazda,CX-5,used,Automatic,2.0,97500.0,52800.0
757,2021,Ford,MUSTANG,used,Automatic,2.3,22500.0,288000.0
758,2017,Isuzu,D-Max,used,Manual,2.5,72500.0,52800.0
759,2015/2016,Volkswagen,Jetta,used,Automatic,1.4,47500.0,35000.0
760,2014,Volkswagen,Beetle,used,Automatic,1.2,67500.0,62888.0
761,2014/2019,Toyota,Alphard,used,Automatic,2.4,57500.0,125800.0
762,2018,Nissan,Navara,used,Manual,2.5,82500.0,61800.0
763,2015,Honda,CR-V,used,Automatic,2.4,87500.0,65800.0
764,2015,Toyota,Harrier,used,Automatic,2.0,67500.0,99800.0
765,2019,Toyota,Vellfire,used,Automatic,2.5,52500.0,209000.0
766,2013,Toyota,FJ Cruiser,used,Automatic,4.0,117500.0,148888.0
767,2017,Subaru,XV,used,Automatic,2.0,77500.0,48800.0
768,2018,nan,,used,Automatic,3.0,37500.0,255000.0
769,2022,nan,,used,Automatic,2.4,2500.0,229000.0
770,2018,Lexus,NX300,used,Automatic,2.0,37500.0,199000.0
771,2021,Toyota,Alphard,used,Automatic,3.5,2500.0,439000.0
772,2016,Volkswagen,Vento,used,Automatic,1.6,107500.0,29800.0
773,2018,MINI,Countryman,used,Automatic,2.0,62000.0,175000.0
774,2016,Toyota,Vellfire,used,Automatic,2.5,57500.0,195888.0
775,2021,Toyota,Land Cruiser Prado,used,Automatic,2.8,42500.0,293000.0
776,2021,Ford,MUSTANG,used,Automatic,2.3,12500.0,293000.0
777,2021,nan,,used,Automatic,2.0,17500.0,278000.0
778,2018,Volkswagen,Tiguan,used,Automatic,1.4,32500.0,95888.0
779,2019,Toyota,Alphard,used,Automatic,2.5,57500.0,218000.0
780,2013,Peugeot,308,used,Automatic,1.6,72500.0,16800.0
781,2015,nan,,used,Automatic,2.4,117500.0,42800.0
782,2019,Honda,City,used,Automatic,1.5,72500.0,52800.0
783,2018,Honda,CR-V,used,Automatic,2.0,97500.0,96800.0
784,2016,BMW,528i,used,Automatic,2.0,92500.0,112888.0
785,2018,Proton,Exora,used,Automatic,1.6,82500.0,39888.0
786,2018,Ford,MUSTANG,used,Automatic,2.3,47500.0,223000.0
787,2017,Proton,Perdana,used,Automatic,2.0,82500.0,41800.0
788,2019,Perodua,Myvi,used,Automatic,1.5,107500.0,48800.0
789,2016,Audi,A3,used,Automatic,1.4,72500.0,54800.0
790,2020,Mercedes-Benz,A180,used,Automatic,1.3,52500.0,149000.0
791,2015,nan,,used,Automatic,3.5,72500.0,145000.0
792,2012,BMW,528i,used,Automatic,2.0,97500.0,71000.0
793,2021,Toyota,Vellfire,used,Automatic,2.5,37500.0,235000.0
794,2020,Toyota,Alphard,used,Automatic,2.5,72500.0,248000.0
795,2016,Mercedes-Benz,C250,used,Automatic,2.0,107500.0,155000.0
796,2014,Isuzu,D-Max,used,Manual,2.5,92500.0,39800.0
797,2021,Toyota,Land Cruiser,used,Automatic,3.3,2500.0,558000.0
798,2015,Mitsubishi,Triton,used,Automatic,2.5,87500.0,59800.0
799,2019,Toyota,Vellfire,used,Automatic,2.5,32500.0,236900.0
800,2015,Hyundai,Grand Starex,used,Automatic,2.5,137500.0,69875.0
801,2019,Hyundai,Grand Starex,used,Automatic,2.5,77500.0,126875.0
802,2019,BMW,X5,used,Automatic,2.0,67500.0,111800.0
803,2015/2016,Volkswagen,Jetta,used,Automatic,1.4,32500.0,36888.0
804,2016,Volkswagen,Polo,used,Automatic,1.6,82369.0,36800.0
805,2014,Mazda,8,used,Automatic,2.3,82500.0,55999.0
806,2015,BMW,316i,used,Automatic,1.6,62500.0,57999.0
807,2018,Hyundai,Ioniq,used,Automatic,1.6,47500.0,43999.0
808,2015,Volkswagen,Jetta,used,Automatic,1.4,77500.0,30999.0
809,2018,Hyundai,Elantra,used,Automatic,2.0,57500.0,55999.0
810,2018,Volkswagen,Tiguan,used,Automatic,1.4,47500.0,79999.0
811,2015,Peugeot,2008,used,Automatic,1.6,77500.0,24999.0
812,2016,Volkswagen,Passat,used,Automatic,1.8,52500.0,59999.0
813,2017,Volkswagen,Vento,used,Automatic,1.2,82500.0,29999.0
814,2018,Peugeot,3008,used,Automatic,1.6,52500.0,69999.0
815,2017,Toyota,Camry,used,Automatic,2.5,72500.0,76999.0
816,2015,nan,,used,Automatic,2.0,122500.0,58800.0
817,2015,Mitsubishi,Triton,used,Automatic,2.5,87500.0,61999.0
818,2019,Honda,City,used,Automatic,1.5,92500.0,58999.0
819,2017,Honda,City,used,Automatic,1.5,52500.0,56999.0
820,2022,Mitsubishi,Triton,used,Manual,2.5,57500.0,69999.0
821,2018,Peugeot,3008,used,Automatic,1.6,32500.0,69999.0
822,2016,Honda,Civic,used,Automatic,1.5,67500.0,84999.0
823,2018,Honda,City,used,Automatic,1.5,77500.0,51999.0
824,2018,Proton,Preve,used,Automatic,1.6,72500.0,29999.0
825,2017,Honda,CR-V,used,Automatic,1.5,82500.0,92800.0
826,2016,Honda,CR-V,used,Automatic,2.0,102500.0,63800.0
827,2014,Volkswagen,Jetta,used,Automatic,1.4,87500.0,29999.0
828,2014,Volkswagen,Jetta,used,Automatic,1.4,82500.0,27999.0
829,2016,Mazda,3,used,Automatic,2.0,87500.0,57999.0
830,2016,Mazda,Biante,used,Automatic,2.0,92500.0,65999.0
831,2015,Mazda,6,used,Automatic,2.5,87500.0,68999.0
832,2019,Volkswagen,Vento,used,Automatic,1.2,62500.0,38999.0
833,2019,Peugeot,3008,used,Automatic,1.6,52500.0,75999.0
834,2020,Hyundai,Grand Starex,used,Automatic,2.5,67500.0,148875.0
835,2013,Toyota,Camry,used,Automatic,2.5,112500.0,65800.0
836,2018,Honda,BR-V,used,Automatic,1.5,62500.0,52999.0
837,2014,Mazda,3,used,Automatic,2.0,107500.0,42999.0
838,2016,Mazda,CX-5,used,Automatic,2.2,92500.0,58999.0
839,2016,Mercedes-Benz,E250,used,Automatic,2.0,77500.0,159999.0
840,2019,Honda,City,used,Automatic,1.5,52500.0,62999.0
841,2018,Honda,BR-V,used,Automatic,1.5,72500.0,52999.0
842,2020,Toyota,Alphard,used,Automatic,3.5,12500.0,328000.0
843,2019,Lexus,NX300,used,Automatic,2.0,32500.0,238000.0
844,2015,BMW,X1,used,Automatic,2.0,72500.0,55999.0
845,2017,Ford,Ranger,used,Automatic,3.2,77500.0,63999.0
846,2017,Toyota,Corolla Altis,used,Automatic,1.8,62500.0,69999.0
847,2014,Audi,A3,used,Automatic,1.4,107500.0,49999.0
848,2017/2018,Hyundai,Grand Starex,used,Automatic,2.5,122500.0,118875.0
849,2016,Toyota,Camry,used,Automatic,2.5,72500.0,72999.0
850,2019,Toyota,Vios,used,Automatic,1.5,62500.0,59999.0
851,2016,Mazda,6,used,Automatic,2.5,82500.0,79999.0
852,2015,Mazda,3,used,Automatic,2.0,82500.0,49999.0
853,2015/2016,Volkswagen,Jetta,used,Automatic,1.4,77500.0,38888.0
854,2016,Hyundai,Grand Starex,used,Automatic,2.5,107500.0,108875.0
855,2019,Mercedes-Benz,C200,used,Automatic,1.5,62500.0,168000.0
856,2015,Nissan,X-Trail,used,Automatic,2.0,42500.0,68888.0
857,2018,Honda,Civic,used,Automatic,1.5,52500.0,77800.0
858,2018,Proton,X70,used,Automatic,1.8,72500.0,62999.0
859,2018,Honda,City,used,Automatic,1.5,62500.0,52999.0
860,2014,Nissan,Sylphy,used,Automatic,1.8,87500.0,31999.0
861,2018,Honda,Civic,used,Automatic,1.5,102500.0,86000.0
862,2014,Honda,City,used,Automatic,1.5,87500.0,39999.0
863,2016,Perodua,Alza,used,Automatic,1.5,82500.0,37999.0
864,2016,Honda,CR-V,used,Automatic,2.4,87500.0,60999.0
865,2016,Mazda,CX-5,used,Automatic,2.2,77500.0,58999.0
866,2015,Hyundai,Sonata,used,Automatic,2.0,77500.0,40999.0
867,2014,Mazda,CX-5,used,Automatic,2.5,92500.0,52999.0
868,2015,Mazda,CX-5,used,Automatic,2.0,87500.0,54999.0
869,2021,Proton,Exora,used,Automatic,1.6,32500.0,45999.0
870,2013/2014,BMW,X1,used,Automatic,2.0,92500.0,39999.0
871,2014,nan,,used,Automatic,2.4,92500.0,49999.0
872,2021,Proton,Saga,used,Automatic,1.3,32500.0,29999.0
873,2020,Proton,Iriz,used,Automatic,1.6,42500.0,36999.0
874,2013,Toyota,Camry,used,Automatic,2.0,87500.0,49999.0
875,2016,Nissan,Serena,used,Automatic,2.0,87500.0,57999.0
876,2020,Perodua,Myvi,used,Automatic,1.5,32500.0,49800.0
877,2013,Volkswagen,Tiguan,used,Automatic,2.0,137500.0,36788.0
878,2018,Mazda,CX-5,used,Automatic,2.0,72500.0,99788.0
879,2016,Volvo,XC60,used,Automatic,2.0,112500.0,83788.0
880,2013,Ford,Kuga,used,Automatic,1.6,87500.0,29788.0
881,2016,Volvo,V40,used,Automatic,2.0,107500.0,62788.0
882,2014,Audi,Q3,used,Automatic,2.0,112500.0,53688.0
883,2017,Proton,Exora,used,Automatic,1.6,62500.0,28999.0
884,2017,Kia,Sorento,used,Automatic,2.4,87500.0,69999.0
885,2017,Honda,BR-V,used,Automatic,1.5,72500.0,49999.0
886,2017,Mazda,CX-5,used,Automatic,2.2,42500.0,89999.0
887,2019,Proton,Iriz,used,Automatic,1.6,22500.0,33999.0
888,2018,Volkswagen,Passat,used,Automatic,1.8,57500.0,69999.0
889,2019,Proton,X70,used,Automatic,1.8,47500.0,62999.0
890,2017,Proton,Ertiga,used,Automatic,1.4,42500.0,34999.0
891,2017,Nissan,Navara,used,Automatic,2.5,62500.0,69999.0
892,2016,Proton,Perdana,used,Automatic,2.0,62500.0,47999.0
893,2015,Audi,A3,used,Automatic,1.4,67500.0,54999.0
894,2015,Nissan,Teana,used,Automatic,2.0,72500.0,47999.0
895,2015,Hyundai,Elantra,used,Automatic,1.6,107500.0,29988.0
896,2019,Haval,H1,used,Automatic,1.5,37500.0,32788.0
897,2018,Proton,Preve,used,Automatic,1.6,42500.0,32999.0
898,2014,Mazda,3,used,Automatic,2.0,97500.0,45999.0
899,2016,Honda,Accord,used,Automatic,2.0,77500.0,61999.0
900,2015,Volvo,V40,used,Automatic,1.6,72500.0,42999.0
901,2013,Hyundai,Grand Starex,used,Automatic,2.5,112500.0,67875.0
902,2017,Kia,Sportage,used,Automatic,2.0,72500.0,59999.0
903,2017,Peugeot,508,used,Automatic,1.6,62500.0,49999.0
904,2015,Peugeot,508,used,Automatic,1.6,92500.0,29999.0
905,2015,Honda,CR-V,used,Automatic,2.4,87500.0,60999.0
906,2018,Kia,Cerato,used,Automatic,1.6,52500.0,52999.0
907,2016,Nissan,X-Trail,used,Automatic,2.0,72500.0,49999.0
908,2015,Mazda,6,used,Automatic,2.0,72500.0,60999.0
909,2018,Honda,BR-V,used,Automatic,1.5,57500.0,52999.0
910,2020,Toyota,Vios,used,Automatic,1.5,97500.0,69800.0
911,2018,Mazda,CX-5,used,Automatic,2.2,52500.0,91999.0
912,2017,Proton,Perdana,used,Automatic,2.4,52500.0,55999.0
913,2013,Toyota,Camry,used,Automatic,2.5,82500.0,57999.0
914,2013,Volkswagen,Passat,used,Automatic,1.8,92500.0,27999.0
915,2015,Hyundai,Elantra,used,Automatic,1.8,72500.0,36999.0
916,2016,Perodua,Bezza,used,Automatic,1.3,52500.0,31999.0
917,2021,Toyota,Alphard,used,Automatic,2.5,32500.0,318000.0
918,2016,Mazda,6,used,Automatic,2.0,97500.0,70800.0
919,2016,Mazda,Biante,used,Automatic,2.0,42500.0,65999.0
920,2014,Peugeot,208,used,Automatic,1.6,72500.0,20999.0
921,2015,Honda,Accord,used,Automatic,2.0,82500.0,57999.0
922,2014,Mazda,CX-5,used,Automatic,2.5,107500.0,52999.0
923,2014,nan,,used,Automatic,3.5,67500.0,123000.0
924,2015/2018,Toyota,Vellfire,used,Automatic,2.5,77500.0,178888.0
925,2014,Volkswagen,Passat,used,Automatic,1.8,102500.0,34999.0
926,2018,Porsche,718,used,Automatic,2.0,12500.0,312800.0
927,2016,Mercedes-Benz,E200,used,Automatic,2.0,132500.0,152800.0
928,2017,Honda,Civic,used,Automatic,1.5,57500.0,84800.0
929,2017,Honda,BR-V,used,Automatic,1.5,77500.0,53999.0
930,2017,Honda,BR-V,used,Automatic,1.5,77500.0,54999.0
931,2019,Perodua,Aruz,used,Automatic,1.5,67500.0,54999.0
932,2014,Volkswagen,Cross Touran,used,Automatic,1.4,82500.0,31999.0
933,2013/2014,Ford,Fiesta,used,Automatic,1.5,72500.0,21999.0
934,2015,Honda,Jazz,used,Automatic,1.5,97500.0,50999.0
935,2017,Toyota,Fortuner,used,Automatic,2.7,72500.0,102999.0
936,2013,Kia,Picanto,used,Manual,1.2,87500.0,19999.0
937,2013,Ford,Focus,used,Automatic,2.0,52500.0,25999.0
938,2014,Mazda,3,used,Automatic,2.0,72500.0,48999.0
939,2015/2016,Mercedes-Benz,A200,used,Automatic,1.6,82500.0,94999.0
940,2019,Perodua,Alza,used,Automatic,1.5,37500.0,49999.0
941,2014/2019,Mercedes-Benz,A45 AMG,used,Automatic,2.0,47500.0,139000.0
942,2016,Honda,Accord,used,Automatic,2.4,112500.0,96800.0
943,2016,Hyundai,Grand Starex,used,Automatic,2.5,47500.0,107875.0
944,2018,Kia,Sorento,used,Automatic,2.2,107500.0,68800.0
945,2017,Ford,EcoSport,used,Automatic,1.5,57500.0,31888.0
946,2016,Honda,HR-V,used,Automatic,1.8,87500.0,63800.0
947,2014,Audi,A4,used,Automatic,1.8,92500.0,49800.0
948,2015,Proton,Perdana,used,Automatic,2.0,67500.0,33000.0
949,2015,Mercedes-Benz,CLA200,used,Automatic,1.6,87500.0,93800.0
950,2014,nan,,used,Automatic,1.6,72500.0,26800.0
951,2018,nan,,used,Automatic,2.0,32500.0,199999.0
952,2014,nan,,used,Automatic,1.6,47500.0,68000.0
953,2014,Toyota,Vios,used,Automatic,1.5,117500.0,43800.0
954,2018/2019,Perodua,Myvi,used,Automatic,1.5,77500.0,42800.0
955,2018,Proton,Persona,used,Automatic,1.6,102500.0,30800.0
956,2018,BMW,530i,used,Automatic,2.0,47500.0,203800.0
957,2013,BMW,328i,used,Automatic,2.0,92500.0,84800.0
958,2013,Volkswagen,Golf,used,Automatic,2.0,137500.0,82800.0
959,2012,BMW,328i,used,Automatic,2.0,87500.0,60800.0
960,2013,Ssangyong,Stavic,used,Automatic,2.0,102500.0,27800.0
961,2013,Mercedes-Benz,B200,used,Automatic,1.6,87500.0,48800.0
962,2014,Mazda,3,used,Automatic,2.0,97500.0,51800.0
963,2016,Honda,HR-V,used,Automatic,1.8,102500.0,69800.0
964,2015,Honda,Civic,used,Automatic,2.0,87500.0,57800.0
965,2014,Mazda,CX-5,used,Automatic,2.0,97500.0,58800.0
966,2016,Toyota,Vios,used,Automatic,1.5,77500.0,51800.0
967,2017,Mazda,2,used,Automatic,1.5,72500.0,50800.0
968,2012,Land,Rover Range Rover Evoque,used,Automatic,2.0,127500.0,72800.0
969,2014,Subaru,XV,used,Automatic,2.0,77500.0,36800.0
970,2015,MINI,Countryman,used,Automatic,1.6,62500.0,86800.0
971,2018,Isuzu,D-Max,used,Automatic,2.5,37500.0,70800.0
972,2013,nan,,used,Automatic,1.6,87500.0,44800.0
973,2013,Mazda,CX-5,used,Automatic,2.0,137500.0,52000.0
