,year_produce,brand,model,car_type,gear_type,engine_cap,year_extracted,mileage,old_price
0,2013,BMW,528i,used,Automatic,2,2023,147500,87888
1,2013,Honda,Civic,used,Automatic,1.8,2023,102500,70800
2,2013,BMW,328i,used,Automatic,2,2023,137500,45800
3,2013,Toyota,Corolla Altis,used,Automatic,2,2023,122500,49800
4,2013,Honda,Accord,used,Automatic,2.4,2023,122500,45800
5,2013,BMW,520i,used,Automatic,2,2023,137500,62800
6,2013,BMW,520i,used,Automatic,2,2023,62500,119800
7,2013,Toyota,Harrier,used,Automatic,2,2023,107500,149800
8,2013,BMW,X1,used,Automatic,2,2023,122500,87800
9,2013,BMW,X4,used,Automatic,2,2023,72500,245800
10,2013,BMW,528i,used,Automatic,2,2023,142500,95634
11,2013,BMW,520i,used,Automatic,2,2023,147500,4951562
12,2013,Honda,HR-V,used,Automatic,1.8,2023,107500,54500
13,2017,Toyota,Vellfire,used,Automatic,2.5,2023,47500,155800
14,2016,Toyota,Alphard,used,Automatic,2.5,2023,47500,155800
15,2016,Perodua,Myvi,used,Automatic,1.3,2023,102500,28000
16,2016,Honda,CR-V,used,Automatic,2.4,2023,62500,59999
17,2016,Honda,CR-V,used,Automatic,2,2023,92500,69800
18,2016,Honda,City,used,Automatic,1.5,2023,62500,45999
19,2016,Honda,City,used,Automatic,1.5,2023,72500,44800
20,2016,Toyota,C-HR,used,Automatic,1.8,2023,97500,7584500
21,2016,Toyota,Harrier,used,Automatic,2,2023,72500,96888
22,2016,BMW,328i,used,Automatic,2,2023,117500,58500
23,2016,Volvo,XC60,used,Automatic,2,2023,92500,76800
25,2016,Toyota,Alphard,used,Automatic,3.5,2023,97500,105800
27,2016,Honda,HR-V,used,Automatic,1.8,2023,77500,49800
28,2016,Mazda,CX-5,used,Automatic,2.5,2023,92500,93800
29,2016,BMW,X1,used,Automatic,2,2023,47500,77800
30,2016,Ford,Ranger,used,Manual,2.2,2023,102500,55800
31,2017,Toyota,Alphard,used,Automatic,2.5,2023,87500,181999
32,2020,Toyota,Alphard,used,Automatic,2.5,2023,42500,242999
33,2020,Nissan,X-Trail,used,Automatic,2,2023,67500,47800
34,2020,Toyota,Harrier,used,Automatic,2,2023,22500,208000
35,2020,Toyota,Harrier,used,Automatic,2,2023,27500,213000
36,2020,Toyota,Vellfire,used,Automatic,3.5,2023,17500,308000
37,2020,Toyota,Vellfire,used,Automatic,3.5,2023,2500,318000
38,2020,Toyota,Alphard,used,Automatic,2.5,2023,22500,283000
39,2020,Toyota,Alphard,used,Automatic,2.5,2023,12500,293000
40,2020,Toyota,Alphard,used,Automatic,2.5,2023,12500,298000
41,2020,Toyota,Alphard,used,Automatic,2.5,2023,12500,283000
42,2020,Toyota,Alphard,used,Automatic,2.5,2023,7500,283000
43,2020,Toyota,Alphard,used,Automatic,2.5,2023,17500,295000
44,2020,Toyota,Vellfire,used,Automatic,2.5,2023,47500,233000
45,2020,Toyota,Alphard,used,Automatic,2.5,2023,12500,298000
47,2020,BMW,528i,used,Automatic,2,2023,92500,58000
48,2020,BMW,X1,used,Automatic,2,2023,118777,49800
49,2020,Honda,HR-V,used,Automatic,1.8,2023,117500,4998455
50,2008,Mercedes,C200K,used,Automatic,1.8,2023,127500,42800
51,2008,Mercedes,C200,used,Automatic,2,2023,72500,125800
52,2008,Porsche,Macan,used,Automatic,3,2023,72500,248500
54,2008,Ford,MUSTANG,used,Automatic,5,2023,12500,278800
56,2008,Porsche,Cayman,used,Automatic,2.7,2023,67500,228500
58,2008,Land,Rover Range Rover Sport,used,Automatic,3,2023,87500,258500
59,2014,Porsche,Macan,used,Automatic,3,2023,87500,228500
60,2014,Toyota,Harrier,used,Automatic,2,2023,27500,177000
61,2014,Perodua,Myvi,used,Automatic,1.3,2023,107500,22800
62,2014,Honda,Jazz,used,Automatic,1.5,2023,92500,41800
63,2018,Honda,Civic,used,Automatic,1.5,2023,102500,86800
64,2018,Toyota,Camry,used,Automatic,2.5,2023,127500,65800
65,2018,Mazda,CX-3,used,Automatic,2,2023,92500,59800
66,2018,Suzuki,Jimny,used,Automatic,1.3,2023,87500,81888
67,2018,Mercedes,E250,used,Automatic,2,2023,112500,105000
68,2018,Mercedes,E200,used,Automatic,2,2023,87500,77000
69,2018,Mercedes,CLA200,used,Automatic,1.6,2023,97500,95000
70,2018,Honda,CR-V,used,Automatic,1.5,2023,77500,95800
71,2018,BMW,330e,used,Automatic,2,2023,82500,79800
72,2018,Porsche,Macan,used,Automatic,3.6,2023,27500,239000
73,2018,BMW,330e,used,Automatic,2,2023,147500,81800
74,2018,Mercedes,C180,used,Automatic,1.6,2023,97500,139800
75,2018,BMW,X3,used,Automatic,2,2023,92500,158800
76,2018,MINI,Countryman,used,Automatic,2,2023,62500,159800
78,2018,Lexus,RX200t,used,Automatic,2,2023,62500,199800
79,2018,BMW,330e,used,Automatic,2,2023,67500,95500
80,2018,MINI,Clubman,used,Automatic,2,2023,102500,107800
81,2014,Mercedes,CLA180,used,Automatic,1.6,2023,97500,98800
82,2014,Mercedes,E200,used,Automatic,2,2023,72500,170000
84,2014,Mazda,6,used,Automatic,2.5,2023,117500,38800
85,2014,Mitsubishi,Triton,used,Automatic,2.4,2023,117500,75800
86,2014,Hyundai,Grand Starex,used,Automatic,2.5,2023,122500,83800
88,2016,Toyota,Vellfire,used,Automatic,2.5,2023,92500,183800
89,2019,Toyota,Alphard,used,Automatic,2.5,2023,47500,239800
90,2019,Mercedes,CLA200,used,Automatic,1.6,2023,122500,83800
91,2019,Honda,CR-V,used,Automatic,2.4,2023,122500,65800
92,2017,Mercedes,G350,used,Automatic,3,2023,22500,438800
93,2017,Toyota,Hilux,used,Automatic,2.4,2023,72500,85800
95,2016,BMW,330e,used,Automatic,2,2023,92500,93800
96,2016,Nissan,X-Trail,used,Automatic,2.5,2023,102500,43800
97,2016,Toyota,Camry,used,Automatic,2,2023,82500,91800
98,2016,Kia,Cerato,used,Automatic,1.6,2023,132500,27800
99,2016,Mazda,6,used,Automatic,2,2023,137500,38800
100,2016,Honda,City,used,Automatic,1.5,2023,117500,38800
101,2016,BMW,328i,used,Automatic,2,2023,127500,69888
102,2016,BMW,X6,used,Automatic,3,2023,72500,84888
103,2016,Honda,Accord,used,Automatic,2.4,2023,127500,49800
104,2016,Mazda,6,used,Automatic,2.5,2023,97500,45800
105,2016,Toyota,Harrier,used,Automatic,2,2023,92500,99888
106,2016,Mazda,6,used,Automatic,2.5,2023,107500,110800
107,2016,Volkswagen,Tiguan,used,Automatic,1.4,2023,62500,135800
108,2013,Mercedes,CLA250,used,Automatic,2,2023,92500,91800
109,2013,Mercedes,C180,used,Automatic,1.6,2023,67500,155800
110,2013,BMW,330e,used,Automatic,2,2023,137500,78800
111,2013,Mercedes,E250,used,Automatic,2,2023,102500,175800
112,2013,BMW,X1,used,Automatic,2,2023,67500,125800
113,2017,Toyota,Alphard,used,Automatic,2.5,2023,72500,196800
114,2015,Toyota,Alphard,used,Automatic,2.5,2023,97500,186800
117,2019,Toyota,Land Cruiser,used,Automatic,3.3,2023,7500,588000
118,2019,Toyota,Harrier,used,Automatic,2,2023,27500,198000
119,2019,Toyota,Vellfire,used,Automatic,2.5,2023,27500,236000
120,2019,Toyota,Vellfire,used,Automatic,3.5,2023,42500,308000
121,2019,Mazda,CX-5,used,Automatic,2,2023,127500,41800
122,2019,BMW,X3,used,Automatic,2,2023,82500,75888
123,2016,Mercedes,A180,used,Automatic,1.6,2023,72500,99888
124,2013,Mitsubishi,Triton,used,Automatic,2.5,2023,142500,44800
125,2013,Mercedes,GLA200,used,Automatic,1.6,2023,87500,136800
126,2013,Mercedes,C180,used,Automatic,1.6,2023,92500,115900
127,2013,Nissan,X-Trail,used,Automatic,2.5,2023,92500,42999
128,2014,Kia,Rio,used,Automatic,1.4,2023,77500,22999
129,2014,BMW,528i,used,Automatic,2,2023,107500,65800
131,2018,Mercedes,C43 AMG,used,Automatic,3,2023,42500,213800
132,2018,BMW,428i,used,Automatic,2,2023,47500,135800
134,2018,Mazda,CX-5,used,Automatic,2,2023,107500,105800
135,2018,Mercedes,A200,used,Automatic,1.6,2023,77500,101800
136,2018,BMW,330e,used,Automatic,2,2023,92500,93800
137,2018,Toyota,Innova,used,Automatic,2,2023,97500,71800
138,2018,BMW,330e,used,Automatic,2,2023,112500,73800
139,2018,Mercedes,C350 e,used,Automatic,2,2023,137500,110800
140,2018,Hyundai,Grand Starex,used,Automatic,2.5,2023,127500,66800
142,2018,Toyota,Camry,used,Automatic,2.5,2023,112500,76800
143,2018,BMW,520i,used,Automatic,2,2023,132500,73800
144,2018,Honda,City,used,Automatic,1.5,2023,52500,56800
145,2018,Honda,Civic,used,Automatic,1.8,2023,92500,76800
146,2018,Honda,HR-V,used,Automatic,1.8,2023,97500,50800
147,2018,Mazda,CX-5,used,Automatic,2.5,2023,82500,65800
148,2018,Honda,CR-V,used,Automatic,2,2023,92500,63800
149,2019,Mercedes,GLA200,used,Automatic,1.6,2023,62500,137999
150,2016,Mercedes,CLA250,used,Automatic,2,2023,82500,122999
152,2016,Mercedes,C300,used,Automatic,2,2023,72500,169999
153,2016,Audi,Q5,used,Automatic,2,2023,112500,50800
154,2016,Mercedes,C300,used,Automatic,2,2023,92500,135900
155,2016,Mitsubishi,Triton,used,Automatic,2.4,2023,82500,76800
156,2016,Peugeot,3008,used,Automatic,1.6,2023,77500,25800
157,2016,MINI,Countryman,used,Automatic,1.6,2023,112500,67800
158,2016,Toyota,Rush,used,Automatic,1.5,2023,107500,29800
160,2016,Audi,A4,used,Automatic,2,2023,82500,109800
161,2016,Toyota,Prius C,used,Automatic,1.5,2023,137500,28800
162,2016,BMW,530i,used,Automatic,2,2023,92500,158800
163,2016,BMW,318i,used,Automatic,1.5,2023,97500,69800
164,2016,BMW,X3,used,Automatic,2,2023,82500,169800
165,2016,Mercedes,B200,used,Automatic,1.6,2023,127500,48000
166,2015,Honda,HR-V,used,Automatic,1.8,2023,112500,54800
167,2015,Toyota,Vios,used,Automatic,1.5,2023,72500,51000
168,2015,BMW,528i,used,Automatic,2,2023,97500,98000
169,2015,Audi,A4,used,Automatic,2,2023,97500,49800
171,2015,Mercedes,E200,used,Automatic,2,2023,87500,141800
172,2015,Mercedes,C350 e,used,Automatic,2,2023,77500,96800
173,2016,Mercedes,CLA180,used,Automatic,1.6,2023,107500,124800
174,2016,BMW,330e,used,Automatic,2,2023,112500,89800
175,2016,Mercedes,CLA200,used,Automatic,1.6,2023,107500,103800
176,2016,Mazda,CX-5,used,Automatic,2,2023,102500,69800
177,2016,BMW,530i,used,Automatic,2,2023,107500,158800
178,2016,Honda,Accord,used,Automatic,2,2023,142500,82800
179,2016,BMW,X3,used,Automatic,2,2023,147500,145800
180,2016,BMW,330i,used,Automatic,2,2023,72500,189800
181,2016,BMW,520i,used,Automatic,2,2023,77500,189800
182,2016,Mercedes,C250,used,Automatic,2,2023,107500,109888
184,2016,Toyota,Vios,used,Automatic,1.5,2023,92500,36800
185,2016,Kia,Cerato,used,Automatic,1.6,2023,107500,26800
186,2016,Nissan,Navara,used,Automatic,2.5,2023,127500,72800
187,2016,Nissan,Serena,used,Automatic,2,2023,137500,51800
188,2016,Nissan,Teana,used,Automatic,2,2023,72500,45999
189,2020,BMW,X6,used,Automatic,3,2023,17500,538800
190,2020,Toyota,Harrier,used,Automatic,2,2023,17500,208000
191,2020,Audi,Q7,used,Automatic,3,2023,27500,438000
192,2020,Audi,Q7,used,Automatic,3,2023,42500,438000
193,2020,Honda,Accord,used,Automatic,2.4,2023,117500,49800
195,2020,Honda,Civic,used,Automatic,1.8,2023,132500,72800
196,2020,Volkswagen,Passat,used,Automatic,1.8,2023,77500,25800
197,2014,Toyota,Harrier,used,Automatic,2,2023,87500,92999
198,2014,BMW,X3,used,Automatic,2,2023,57500,159800
199,2014,BMW,318i,used,Automatic,1.5,2023,97500,69800
200,2014,Mazda,CX-3,used,Automatic,2,2023,87500,61800
201,2014,Volvo,XC90,used,Automatic,2,2023,82500,139900
202,2014,MINI,Countryman,used,Automatic,1.6,2023,97500,65800
203,2014,Honda,Jazz,used,Automatic,1.5,2023,87500,51800
204,2014,Honda,Civic,used,Automatic,1.8,2023,92500,75800
205,2014,Perodua,AXIA,used,Automatic,1,2023,147500,27800
206,2014,MINI,3 Door,used,Automatic,2,2023,42500,178800
207,2014,Honda,HR-V,used,Automatic,1.8,2023,77500,56800
208,2014,Honda,Jazz,used,Automatic,1.5,2023,97500,49800
209,2014,Toyota,Corolla Altis,used,Automatic,1.8,2023,92500,55800
210,2014,Proton,Iriz,used,Automatic,1.6,2023,57500,35800
211,2014,Toyota,Vios,used,Automatic,1.5,2023,132500,39800
212,2014,BMW,X3,used,Automatic,2,2023,142500,75800
213,2014,Honda,Accord,used,Automatic,2,2023,107500,78800
214,2014,Honda,HR-V,used,Automatic,1.8,2023,32500,83500
215,2014,Toyota,Hilux,used,Automatic,2.4,2023,52500,93888
216,2014,Peugeot,408,used,Automatic,2,2023,102500,10800
217,2014,Honda,Civic,used,Automatic,1.5,2023,127500,24800
218,2014,Nissan,Serena,used,Automatic,2,2023,68476,89900
219,2014,Mercedes,E250,used,Automatic,2,2023,122500,81800
220,2014,BMW,X1,used,Automatic,2,2023,77500,54800
221,2014,Nissan,Grand Livina,used,Automatic,1.6,2023,137500,16800
223,2010,BMW,320i,used,Automatic,2,2023,112500,62800
224,2010,Volvo,S60,used,Automatic,1.6,2023,122500,22900
225,2015,Mercedes,A45 AMG,used,Automatic,2,2023,97500,142800
226,2014,Mercedes,A250,used,Automatic,2,2023,107500,78800
227,2014,Mercedes,C200,used,Automatic,2,2023,92500,99800
228,2014,Honda,City,used,Automatic,1.5,2023,102500,60800
229,2014,Ford,Ranger,used,Automatic,3.2,2023,127500,43800
231,2014,Toyota,Vellfire,used,Automatic,2.5,2023,87500,166800
232,2014,Mitsubishi,Triton,used,Manual,2.5,2023,62500,51800
233,2014,Volkswagen,Golf,used,Automatic,2,2023,77500,81800
234,2014,Mazda,CX-5,used,Automatic,2.2,2023,72500,89800
235,2014,Subaru,Forester,used,Automatic,2,2023,87500,42800
236,2014,Subaru,XV,used,Automatic,2,2023,97500,36800
237,2014,Honda,CR-V,used,Automatic,2,2023,62500,95800
238,2014,Honda,CR-V,used,Automatic,2,2023,132500,58800
239,2014,Perodua,Myvi,used,Automatic,1.5,2023,97500,34800
240,2014,Mercedes,GLA250,used,Automatic,2,2023,82500,110800
242,2014,Kia,Cerato,used,Automatic,2,2023,102500,28800
243,2014,BMW,X5,used,Automatic,3,2023,87500,108800
244,2014,Mercedes,GLA200,used,Automatic,1.6,2023,82500,98500
245,2015,Peugeot,5008,used,Automatic,1.6,2023,137500,27800
246,2015,Nissan,Serena,used,Automatic,2,2023,82500,81800
247,2015,BMW,X5,used,Automatic,2,2023,77500,92800
248,2015,Kia,Cerato,used,Automatic,1.6,2023,117500,49800
249,2015,Volkswagen,Jetta,used,Automatic,1.4,2023,77500,27888
250,2015,Mercedes,C350 e,used,Automatic,2,2023,87500,109800
251,2015,Peugeot,3008,used,Automatic,1.6,2023,97500,63999
252,2015,Kia,Rio,used,Automatic,1.4,2023,77500,22999
253,2015,Subaru,XV,used,Automatic,2,2023,92500,28700
254,2015,Mazda,6,used,Automatic,2,2023,92500,41999
255,2015,Mazda,6,used,Automatic,2,2023,97500,62999
256,2015,Mitsubishi,ASX,used,Automatic,2,2023,97500,35999
257,2015,Mazda,6,used,Automatic,2,2023,87500,59999
258,2015,Honda,Civic,used,Automatic,1.8,2023,87500,52800
259,2015,Perodua,AXIA,used,Automatic,1,2023,87500,28800
260,2015,Toyota,Hilux,used,Automatic,2.4,2023,87500,90800
261,2015,Honda,City,used,Automatic,1.5,2023,87500,45800
262,2015,Proton,Saga,used,Automatic,1.3,2023,97500,15800
263,2015,Perodua,Alza,used,Automatic,1.5,2023,142500,27000
264,2015,Mazda,6,used,Automatic,2.5,2023,95965,49700
265,2015,Toyota,Vellfire,used,Automatic,2.5,2023,57500,218800
266,2015,Land,Rover Range Rover Evoque,used,Automatic,2,2023,67500,88000
267,2015,BMW,520i,used,Automatic,2,2023,87500,63000
268,2017,BMW,530i,used,Automatic,2,2023,102500,139900
269,2017,Subaru,XV,used,Automatic,2,2023,77500,37800
271,2012,Toyota,Vellfire,used,Automatic,2.5,2023,27500,247888
272,2012,Toyota,Vellfire,used,Automatic,2.5,2023,32500,238888
273,2012,Mercedes,C200,used,Automatic,1.5,2023,92500,142000
274,2012,Honda,Civic,used,Automatic,2,2023,102500,39800
275,2012,Honda,HR-V,used,Automatic,1.8,2023,102500,49800
276,2012,Volkswagen,Jetta,used,Automatic,1.4,2023,92500,26800
277,2012,Mazda,2,used,Automatic,1.5,2023,87500,46800
278,2012,Mazda,CX-5,used,Automatic,2,2023,97500,53800
279,2012,Perodua,Bezza,used,Automatic,1.3,2023,112500,32800
280,2012,Nissan,Sylphy,used,Automatic,1.8,2023,122500,35800
281,2012,Honda,CR-V,used,Automatic,1.5,2023,87500,98800
282,2012,Proton,X70,used,Automatic,1.8,2023,87500,63800
284,2018,Mazda,CX-3,used,Automatic,2,2023,52500,82999
285,2018,MINI,3 Door,used,Automatic,2,2023,37500,149999
286,2018,Honda,Jazz,used,Automatic,1.5,2023,32500,62999
287,2018,Honda,Civic,used,Automatic,1.8,2023,27500,92999
288,2018,Nissan,Almera,used,Automatic,1.5,2023,97500,29999
289,2015,Lexus,IS250,used,Automatic,2.5,2023,82500,139999
290,2015,Perodua,Alza,used,Automatic,1.5,2023,92500,33800
291,2015,Proton,Preve,used,Automatic,1.6,2023,132500,18800
292,2015,Honda,Accord,used,Automatic,2.4,2023,117500,57800
293,2015,Honda,City,used,Automatic,1.5,2023,72500,51800
294,2015,Proton,Saga,used,Automatic,1.3,2023,117500,14300
295,2015,BMW,X1,used,Automatic,2,2023,32500,115000
296,2015,BMW,530i,used,Automatic,2,2023,57500,190000
297,2015,Volkswagen,Tiguan,used,Automatic,1.4,2023,67500,89800
298,2015,Toyota,Alphard,used,Automatic,2.5,2023,27500,238500
299,2015,Kia,Cerato,used,Automatic,1.6,2023,142500,25800
300,2015,Mazda,6,used,Automatic,2.5,2023,127500,42800
301,2015,Volkswagen,Beetle,used,Automatic,1.2,2023,127500,45800
302,2015,Volkswagen,Beetle,used,Automatic,1.2,2023,127500,44800
303,2015,Mercedes,C200,used,Automatic,2,2023,57500,133000
304,2015,Haval,H2,used,Automatic,1.5,2023,52500,45800
305,2015,Land,Rover Range Rover Sport,used,Automatic,5,2023,42500,499999
306,2015,Mercedes,GLA200,used,Automatic,1.6,2023,82500,79800
307,2017,Lexus,RX200t,used,Automatic,2,2023,67500,219999
308,2017,Ford,MUSTANG,used,Automatic,2.3,2023,37500,278000
309,2017,Toyota,Vellfire,used,Automatic,2.5,2023,137500,155800
310,2017,Toyota,Camry,used,Automatic,2.5,2023,87500,79800
311,2017,Volkswagen,Tiguan,used,Automatic,1.4,2023,67500,85800
312,2017,Kia,Cerato,used,Automatic,2,2023,127500,28800
313,2017,Mercedes,A250,used,Automatic,2,2023,107500,83800
320,2017,Toyota,Alphard,used,Automatic,2.5,2023,12500,285000
321,2017,Perodua,Myvi,used,Manual,1.3,2023,77500,16800
322,2017,Mercedes,A250,used,Automatic,2,2023,87500,73888
323,2017,Mazda,2,used,Automatic,1.5,2023,107500,41800
324,2017,Proton,Perdana,used,Automatic,2,2023,97500,37800
326,2017,Volkswagen,Jetta,used,Automatic,1.4,2023,122500,22800
327,2017,MINI,Clubman,used,Automatic,2,2023,42500,188888
329,2017,Mercedes,C350 e,used,Automatic,2,2023,97500,99999
330,2016,Audi,Q3,used,Automatic,1.4,2023,77500,69588
331,2016,Mercedes,A45 AMG,used,Automatic,2,2023,82500,163800
333,2016,Proton,Saga,used,Automatic,1.3,2023,107500,15800
334,2016,Proton,Saga,used,Automatic,1.3,2023,72500,27800
335,2016,Honda,City,used,Automatic,1.5,2023,87500,45800
336,2016,Perodua,Myvi,used,Automatic,1.3,2023,67500,37800
337,2013,Honda,Accord,used,Automatic,2,2023,132500,44800
338,2013,Toyota,Vios,used,Automatic,1.5,2023,117500,31999
339,2014,Land,Rover Range Rover Sport,used,Automatic,3,2023,87500,199999
340,2014,Kia,Sportage,used,Automatic,2,2023,122500,37999
341,2014,Kia,Optima K5,used,Automatic,2,2023,97500,36999
342,2014,Hyundai,Tucson,used,Automatic,2,2023,92500,35999
343,2013,Volkswagen,Golf,used,Automatic,2,2023,102500,85888
344,2013,BMW,320i,used,Automatic,2,2023,82500,79800
345,2013,Honda,Civic,used,Automatic,1.8,2023,72500,89800
346,2013,Honda,Civic,used,Automatic,1.5,2023,67500,86800
347,2013,Mercedes,A200,used,Automatic,1.6,2023,97500,75800
348,2017,Proton,Perdana,used,Automatic,2.4,2023,72500,44800
349,2020,Mitsubishi,Triton,used,Automatic,2.4,2023,92500,91800
350,2020,Honda,Accord,used,Automatic,2,2023,82500,56800
351,2020,Volkswagen,Passat,used,Automatic,1.8,2023,57500,53800
352,2020,Mercedes,C200,used,Automatic,1.5,2023,57500,151800
353,2020,Honda,City,used,Automatic,1.5,2023,142500,35800
354,2020,Peugeot,208,used,Automatic,1.6,2023,97500,19800
355,2020,BMW,X1,used,Automatic,2,2023,122500,88800
357,2020,Honda,Jazz,used,Automatic,1.5,2023,87500,59800
358,2020,MINI,Countryman,used,Automatic,2,2023,87500,136800
359,2020,Audi,Q5,used,Automatic,2,2023,87500,45800
360,2015,Toyota,Harrier,used,Automatic,2,2023,82500,94800
361,2015,Mitsubishi,ASX,used,Automatic,2,2023,92500,33999
362,2015,Mercedes,E300,used,Automatic,2.1,2023,132500,65800
363,2015,Hyundai,Sonata,used,Automatic,2,2023,107500,27999
364,2020,Proton,X70,used,Automatic,1.8,2023,72500,72800
365,2016,Isuzu,D-Max,used,Manual,2.5,2023,77500,53800
367,2016,Audi,Q7,used,Automatic,3,2023,37500,438000
368,2016,Mazda,3,used,Automatic,2,2023,107500,49900
369,2016,Honda,HR-V,used,Automatic,1.8,2023,107500,54800
370,2016,Mercedes,CLA200,used,Automatic,1.6,2023,107500,101800
371,2016,Toyota,Vios,used,Automatic,1.5,2023,92500,43800
373,2016,Honda,City,used,Automatic,1.5,2023,77500,39800
374,2016,Mazda,CX-5,used,Automatic,2,2023,132500,63999
375,2014,Toyota,Harrier,used,Automatic,2,2023,82500,104999
376,2014,BMW,330e,used,Automatic,2,2023,102500,89800
377,2014,Honda,Jazz,used,Automatic,1.5,2023,107500,56800
379,2014,Honda,Jazz,used,Automatic,1.5,2023,87500,49999
380,2014,Toyota,Vios,used,Automatic,1.5,2023,92500,37999
381,2014,Nissan,X-Trail,used,Automatic,2,2023,77500,44800
382,2014,Mercedes,E250,used,Automatic,2,2023,52500,185000
383,2014,Toyota,Alphard,used,Automatic,2.4,2023,142500,109800
384,2014,Honda,Civic,used,Automatic,2,2023,97500,39800
385,2014,BMW,X5,used,Automatic,3,2023,87500,125800
386,2014,Peugeot,3008,used,Automatic,1.6,2023,72500,62800
387,2014,BMW,320i,used,Automatic,2,2023,122500,64800
388,2014,Mazda,CX-3,used,Automatic,2,2023,42500,59999
389,2014,BMW,330e,used,Automatic,2,2023,67500,79999
390,2012,Nissan,Navara,used,Automatic,2.5,2023,107500,33800
391,2012,BMW,X6,used,Automatic,3,2023,117500,178000
392,2012,BMW,530e,used,Automatic,2,2023,42500,162000
393,2012,Mitsubishi,Triton,used,Automatic,2.4,2023,72500,65800
394,2012,BMW,328i,used,Automatic,2,2023,122500,79800
395,2012,Honda,City,used,Automatic,1.5,2023,112500,58800
396,2012,Mitsubishi,Triton,used,Automatic,2.4,2023,107500,77000
397,2012,Honda,City,used,Automatic,1.5,2023,52500,59800
399,2019,Honda,City,used,Automatic,1.5,2023,97500,39800
400,2019,Mazda,CX-5,used,Automatic,2,2023,92500,47800
401,2019,Mazda,6,used,Automatic,2,2023,92500,48800
402,2019,Porsche,Macan,used,Automatic,3,2023,92500,189900
403,2019,Mercedes,C180,used,Automatic,1.6,2023,47500,105000
404,2015,Toyota,Harrier,used,Automatic,2,2023,66000,100000
405,2015,Lexus,ES250,used,Automatic,2.5,2023,82500,85800
406,2015,Nissan,Navara,used,Manual,2.5,2023,72500,45800
407,2015,Nissan,Navara,used,Manual,2.5,2023,67500,54800
408,2015,Toyota,Vellfire,used,Automatic,3.5,2023,77500,112000
409,2015,Lexus,RX350,used,Automatic,3.5,2023,132500,79900
410,2015,Mazda,CX-5,used,Automatic,2,2023,147500,39900
411,2015,Nissan,Serena,used,Automatic,2,2023,112500,90800
412,2015,Audi,A3,used,Automatic,1.4,2023,57500,55999
413,2015,Toyota,Alphard,used,Automatic,2.5,2023,67500,235000
414,2015,Mazda,6,used,Automatic,2.5,2023,102500,75800
415,2015,Mazda,6,used,Automatic,2.5,2023,62500,89999
416,2015,Toyota,Sienta,used,Automatic,1.5,2023,72500,53800
417,2013,Honda,City,used,Automatic,1.5,2023,92500,25999
418,2013,Audi,A3,used,Automatic,1.4,2023,147500,43800
420,2015,Ford,Ranger,used,Manual,2.2,2023,102500,42800
421,2015,Ford,Ranger,used,Manual,2.2,2023,87500,49800
422,2015,Peugeot,3008,used,Automatic,1.6,2023,72500,26800
423,2015,Toyota,Harrier,used,Automatic,2,2023,77500,91888
424,2015,Nissan,Navara,used,Manual,2.5,2023,87500,46800
425,2015,Honda,Accord,used,Automatic,2,2023,112500,53800
426,2015,Mercedes,E200,used,Automatic,2,2023,82500,86800
427,2015,Audi,A6,used,Automatic,2,2023,132500,41888
428,2013,BMW,320i,used,Automatic,2,2023,92500,50888
430,2013,Nissan,Serena,used,Automatic,2,2023,107500,56800
431,2013,Honda,HR-V,used,Automatic,1.8,2023,82500,46800
432,2013,Mercedes,A200,used,Automatic,1.3,2023,97500,136800
433,2013,Audi,A7,used,Automatic,3,2023,42500,329800
434,2013,Toyota,Vellfire,used,Automatic,3.5,2023,97500,86888
435,2013,Kia,Sportage,used,Automatic,2,2023,47500,68800
436,2013,Perodua,AXIA,used,Automatic,1,2023,92500,32800
437,2013,Honda,City,used,Automatic,1.5,2023,77500,62800
438,2013,Perodua,Myvi,used,Automatic,1.5,2023,72500,48800
439,2013,BMW,X1,used,Automatic,2,2023,87500,82800
441,2013,Toyota,Alphard,used,Automatic,2.5,2023,22500,248888
444,2019,Toyota,Rush,used,Automatic,1.5,2023,117500,61800
445,2019,Honda,Civic,used,Automatic,1.8,2023,112500,70800
446,2019,Mazda,CX-5,used,Automatic,2.5,2023,72500,98800
448,2019,Toyota,Hilux,used,Manual,2.5,2023,82500,55800
449,2019,Volkswagen,Tiguan,used,Automatic,1.4,2023,47500,116800
450,2019,Proton,Iriz,used,Automatic,1.6,2023,42500,33800
451,2019,Perodua,AXIA,used,Automatic,1,2023,72500,26800
452,2019,Toyota,Fortuner,used,Automatic,2.7,2023,77500,115888
453,2019,Nissan,Serena,used,Automatic,2,2023,77500,51800
454,2019,Toyota,Vellfire,used,Automatic,3.5,2023,122500,79800
455,2019,Land,Rover Range Rover Sport,used,Automatic,3,2023,32500,355800
456,2019,Isuzu,D-Max,used,Automatic,2.5,2023,112500,49800
457,2019,Volkswagen,Beetle,used,Automatic,1.2,2023,57500,59800
458,2019,Honda,Accord,used,Automatic,2,2023,82500,79800
459,2019,Nissan,Teana,used,Automatic,2,2023,92500,46800
461,2019,Mercedes,C200,used,Automatic,1.5,2023,92500,151000
462,2019,Toyota,Harrier,used,Automatic,2,2023,42500,159888
463,2019,Mercedes,C200,used,Automatic,1.5,2023,72500,169800
465,2019,Honda,HR-V,used,Automatic,1.8,2023,107500,52800
466,2019,Land,Rover Range Rover Evoque,used,Automatic,2,2023,107500,78800
468,2019,BMW,X4,used,Automatic,2,2023,92500,119888
469,2019,Perodua,Alza,used,Automatic,1.5,2023,92500,49800
470,2019,Perodua,Myvi,used,Automatic,1.5,2023,62500,34900
471,2019,Honda,Accord,used,Automatic,2,2023,77500,75000
472,2016,Ford,MUSTANG,used,Automatic,2.3,2023,72500,169999
473,2016,Mercedes,C200,used,Automatic,2,2023,57500,115999
474,2016,Suzuki,Grand Vitara,used,Automatic,2,2023,122500,20800
475,2016,Toyota,Sienta,used,Automatic,1.5,2023,77500,63800
476,2016,Lexus,CT200h,used,Automatic,1.8,2023,137500,45800
477,2016,Perodua,Myvi,used,Automatic,1.5,2023,82500,44800
478,2016,Lexus,NX200t,used,Automatic,2,2023,122500,148800
479,2016,Kia,Rio,used,Automatic,1.4,2023,92500,29800
480,2016,Honda,HR-V,used,Automatic,1.8,2023,132500,61800
481,2016,BMW,330i,used,Automatic,2,2023,92500,210000
483,2016,Mitsubishi,Triton,used,Automatic,2.4,2023,72500,72999
484,2016,Lexus,RX350,used,Automatic,3.5,2023,67500,238888
485,2016,Volvo,XC60,used,Automatic,2,2023,92500,76888
486,2016,Mazda,CX-5,used,Automatic,2,2023,102500,96800
487,2016,BMW,X3,used,Automatic,2,2023,72500,168500
488,2016,Honda,City,used,Automatic,1.5,2023,97500,27999
489,2016,Perodua,Myvi,used,Automatic,1.5,2023,67500,39800
490,2016,BMW,318i,used,Automatic,1.5,2023,72500,83800
491,2016,Peugeot,2008,used,Automatic,1.6,2023,122500,20800
492,2016,Mazda,CX-5,used,Automatic,2.2,2023,62500,80800
493,2016,Mercedes,E250,used,Automatic,2,2023,87500,97800
494,2016,Mercedes,C200,used,Automatic,2,2023,132500,133800
495,2016,Perodua,AXIA,used,Automatic,1,2023,57500,24800
496,2016,Proton,Saga,used,Automatic,1.3,2023,97500,14800
497,2016,Proton,Inspira,used,Automatic,2,2023,92500,26800
498,2016,Honda,CR-V,used,Automatic,2,2023,102500,60800
499,2016,Toyota,Vellfire,used,Automatic,3.5,2023,87500,198500
500,2016,Hyundai,Sonata,used,Automatic,2,2023,122500,29800
501,2016,Mercedes,E300,used,Automatic,2.1,2023,87500,59999
502,2016,Perodua,Alza,used,Automatic,1.5,2023,87500,37999
503,2016,BMW,528i,used,Automatic,2,2023,87500,85999
504,2016,Kia,Cerato,used,Automatic,1.6,2023,57500,48999
505,2016,Honda,CR-V,used,Automatic,2.4,2023,82500,47999
506,2016,Honda,CR-V,used,Automatic,2.4,2023,82500,57999
507,2016,BMW,330e,used,Automatic,2,2023,62500,73999
508,2016,Volkswagen,Passat,used,Automatic,1.8,2023,87500,32999
509,2016,Hyundai,Tucson,used,Automatic,2,2023,87500,35999
510,2016,Subaru,Forester,used,Automatic,2,2023,87500,45999
511,2016,Mercedes,A250,used,Automatic,2,2023,12500,109900
512,2016,Proton,X70,used,Automatic,1.8,2023,52500,61800
513,2016,Isuzu,D-Max,used,Manual,2.5,2023,92500,49800
514,2016,Kia,Sportage,used,Automatic,2,2023,62500,44800
515,2015,BMW,320i,used,Automatic,2,2023,122500,85888
518,2013,Mercedes,E300,used,Automatic,2.1,2023,92500,63999
519,2013,Toyota,Innova,used,Automatic,2,2023,92500,79999
520,2013,Volkswagen,Beetle,used,Automatic,1.2,2023,42500,92800
521,2013,Honda,HR-V,used,Automatic,1.8,2023,132500,45800
522,2013,BMW,X3,used,Automatic,2,2023,48000,165000
523,2013,Isuzu,D-Max,used,Manual,2.5,2023,52500,53800
524,2013,Mazda,CX-3,used,Automatic,2,2023,82500,69800
525,2013,Honda,City,used,Automatic,1.5,2023,92500,45999
526,2013,Mazda,3,used,Automatic,2,2023,92500,45999
527,2019,MINI,3 Door,used,Automatic,2,2023,52500,149999
528,2019,Mazda,CX-5,used,Automatic,2.2,2023,62500,87800
529,2019,Perodua,Alza,used,Automatic,1.5,2023,117500,26800
530,2019,Honda,CR-V,used,Automatic,2,2023,137500,68800
531,2019,Proton,X70,used,Automatic,1.8,2023,52500,69800
532,2019,Volkswagen,Jetta,used,Automatic,1.4,2023,67500,55999
533,2015,Toyota,Vellfire,used,Automatic,2.5,2023,72500,157999
534,2015,Mercedes,E250,used,Automatic,2,2023,92500,123000
535,2015,Toyota,Vellfire,used,Automatic,3.5,2023,77500,198000
536,2015,Mercedes,CLA250,used,Automatic,2,2023,107500,122000
537,2015,Isuzu,D-Max,used,Manual,2.5,2023,87500,41800
538,2015,Volkswagen,Golf,used,Automatic,1.4,2023,87500,60888
539,2015,Kia,Cerato,used,Automatic,1.6,2023,97500,35999
540,2015,Ford,Ranger,used,Automatic,2.2,2023,117500,50800
541,2015,Ford,Ranger,used,Manual,2.2,2023,127500,56800
542,2015,Mazda,BT-50,used,Manual,2.5,2023,142500,21900
543,2016,Nissan,Navara,used,Automatic,2.5,2023,82500,66999
544,2016,Nissan,Serena,used,Automatic,2,2023,82500,63999
545,2016,Mazda,CX-5,used,Automatic,2.5,2023,77500,55800
546,2016,Mercedes,E300,used,Automatic,2,2023,42500,249000
549,2016,BMW,520i,used,Automatic,2,2023,87500,109800
550,2016,Honda,Civic,used,Automatic,2,2023,102500,36800
551,2016,Mazda,Biante,used,Automatic,2,2023,92500,49999
552,2014,Audi,A5,used,Automatic,2,2023,107500,79888
553,2014,Toyota,Corolla Altis,used,Automatic,1.8,2023,82500,70800
554,2014,Honda,HR-V,used,Automatic,1.8,2023,77500,69800
555,2014,Kia,Rio,used,Automatic,1.4,2023,102500,21999
556,2014,Perodua,AXIA,used,Automatic,1,2023,77500,31999
557,2014,Honda,CR-V,used,Automatic,1.5,2023,82500,95800
558,2014,Honda,City,used,Automatic,1.5,2023,62500,59800
559,2014,Honda,HR-V,used,Automatic,1.8,2023,82500,59500
560,2014,Honda,CR-V,used,Automatic,2,2023,117500,33800
561,2014,Mazda,CX-3,used,Automatic,2,2023,82500,63999
562,2014,Subaru,XV,used,Automatic,2,2023,52500,75999
563,2014,BMW,318i,used,Automatic,1.5,2023,57500,67999
564,2014,Subaru,XV,used,Automatic,2,2023,62500,65999
565,2014,Ford,Ranger,used,Manual,2.2,2023,132500,34800
566,2014,Peugeot,208,used,Automatic,1.6,2023,82500,18999
567,2014,Toyota,Vellfire,used,Automatic,2.5,2023,87500,169900
568,2014,Toyota,Corolla Altis,used,Automatic,1.8,2023,107500,65800
570,2014,Honda,Accord,used,Automatic,2.4,2023,92500,48800
571,2014,Honda,Accord,used,Automatic,2,2023,92500,79800
572,2014,Nissan,Navara,used,Automatic,2.5,2023,72500,66800
573,2014,Kia,Cerato,used,Automatic,1.6,2023,92500,26999
574,2014,Mitsubishi,ASX,used,Automatic,2,2023,72500,45999
575,2014,MINI,3 Door,used,Automatic,2,2023,62500,98888
576,2014,Honda,HR-V,used,Automatic,1.8,2023,82500,62888
577,2014,Ford,MUSTANG,used,Automatic,2.3,2023,17500,298000
578,2014,Peugeot,508,used,Automatic,1.6,2023,77500,27999
580,2014,Toyota,Alphard,used,Automatic,3.5,2023,7500,490000
581,2014,Toyota,Alphard,used,Automatic,2.5,2023,17500,298000
582,2014,Subaru,XV,used,Automatic,2,2023,87500,33800
583,2014,Kia,Cerato,used,Automatic,1.6,2023,112500,29800
584,2014,Honda,Jazz,used,Automatic,1.5,2023,62500,56800
585,2014,Mazda,CX-5,used,Automatic,2,2023,87500,63800
586,2014,Kia,Carnival,used,Automatic,2.2,2023,92500,99800
587,2014,Toyota,Innova,used,Automatic,2,2023,132500,33800
588,2014,Mercedes,C200,used,Automatic,2,2023,22500,121800
589,2014,Lexus,ES250,used,Automatic,2.5,2023,47500,96800
590,2017,Toyota,Harrier,used,Automatic,2,2023,72500,139800
591,2016,Mercedes,E200,used,Automatic,2,2023,82500,160999
592,2016,Honda,City,used,Automatic,1.5,2023,57500,51999
593,2016,Hyundai,Tucson,used,Automatic,2,2023,67500,59999
594,2016,Honda,Accord,used,Automatic,1.5,2023,87500,139999
595,2016,Perodua,Aruz,used,Automatic,1.5,2023,72500,59999
596,2016,Nissan,Navara,used,Automatic,2.5,2023,57500,67999
597,2016,Honda,BR-V,used,Automatic,1.5,2023,57500,49999
598,2016,Volkswagen,Beetle,used,Automatic,1.2,2023,92500,49999
599,2014,Toyota,Vellfire,used,Automatic,2.4,2023,77500,119999
600,2014,BMW,520i,used,Automatic,2,2023,127500,56900
603,2014,Land,Rover Range Rover Sport,used,Automatic,5,2023,92500,268500
605,2014,Nissan,Almera,used,Automatic,1.5,2023,67500,34999
606,2014,Volkswagen,Beetle,used,Automatic,1.2,2023,67500,55999
607,2014,Mazda,CX-5,used,Automatic,2,2023,62500,51999
608,2014,Toyota,Alphard,used,Automatic,3.5,2023,97500,198500
609,2014,Honda,CR-V,used,Automatic,2.4,2023,102500,65800
610,2014,Toyota,Vellfire,used,Automatic,2.4,2023,42500,106800
611,2014,Mazda,CX-5,used,Automatic,2,2023,52500,115888
612,2014,Honda,Civic,used,Automatic,1.5,2023,92500,99990
613,2014,Mercedes,C200,used,Automatic,2,2023,97500,119000
614,2014,Honda,Civic,used,Automatic,1.5,2023,77500,91800
615,2014,Honda,Jazz,used,Automatic,1.5,2023,72500,34800
616,2014,Perodua,Myvi,used,Automatic,1.5,2023,57500,46800
617,2014,Honda,Odyssey,used,Automatic,2.4,2023,92500,85800
618,2014,Mazda,CX-5,used,Automatic,2.5,2023,62500,98800
619,2014,Toyota,Camry,used,Automatic,2.5,2023,57500,72999
620,2014,Volkswagen,Passat,used,Automatic,1.8,2023,67500,59999
621,2014,Lexus,NX300,used,Automatic,2,2023,12500,209000
622,2014,Honda,CR-V,used,Automatic,1.5,2023,87500,106800
623,2014,Mazda,CX-5,used,Automatic,2,2023,97500,96800
624,2014,Volkswagen,Beetle,used,Automatic,1.2,2023,77500,99800
625,2014,Volkswagen,Beetle,used,Automatic,1.2,2023,92500,59888
627,2016,Volkswagen,Golf,used,Automatic,2,2023,127500,55800
628,2016,Nissan,Teana,used,Automatic,2,2023,92500,45999
629,2016,Toyota,Vios,used,Automatic,1.5,2023,92500,37999
630,2016,Perodua,AXIA,used,Automatic,1,2023,72500,26999
631,2016,BMW,118i,used,Automatic,1.5,2023,77500,69999
632,2016,Honda,BR-V,used,Automatic,1.5,2023,97500,53800
633,2016,Honda,CR-V,used,Automatic,2.4,2023,82500,65800
634,2016,Mazda,CX-5,used,Automatic,2,2023,97500,55800
635,2016,Honda,Jazz,used,Automatic,1.5,2023,72500,46999
636,2016,Volkswagen,Golf,used,Automatic,2,2023,132500,95800
637,2016,Perodua,Alza,used,Manual,1.5,2023,92500,25800
638,2016,Volkswagen,Beetle,used,Automatic,1.2,2023,107500,63800
639,2016,Nissan,X-Trail,used,Automatic,2,2023,82500,47800
640,2014,Toyota,Corolla Altis,used,Automatic,1.8,2023,102500,48800
641,2014,Lexus,NX300,used,Automatic,2,2023,42500,223000
642,2014,Mitsubishi,Outlander,used,Automatic,2.4,2023,57500,99999
643,2014,Nissan,Grand Livina,used,Automatic,1.6,2023,77500,32999
644,2014,Proton,X70,used,Automatic,1.8,2023,97500,59999
646,2014,Honda,CR-V,used,Automatic,2.4,2023,102500,65800
647,2014,Perodua,Myvi,used,Automatic,1.5,2023,122500,27300
649,2014,Peugeot,2008,used,Automatic,1.2,2023,62500,43999
650,2014,Kia,Sorento,used,Automatic,2.4,2023,52500,69999
651,2014,Toyota,Hilux,used,Automatic,2.8,2023,92500,89800
652,2014,Mercedes,A250,used,Automatic,2,2023,72500,169999
653,2014,Porsche,718,used,Automatic,2,2023,2500,488000
654,2014,BMW,X1,used,Automatic,2,2023,67500,89800
655,2014,Perodua,Bezza,used,Automatic,1.3,2023,57500,32800
656,2014,Porsche,Macan,used,Automatic,2,2023,22500,279000
657,2014,Toyota,Land Cruiser Prado,used,Automatic,2.7,2023,92500,149888
658,2014,Subaru,Forester,used,Automatic,2,2023,72500,49999
659,2014,Isuzu,D-Max,used,Manual,2.5,2023,57500,59800
660,2014,Mercedes,GLA250,used,Automatic,2,2023,77500,99888
661,2019,Mercedes,GLC300,used,Automatic,2,2023,32500,269900
662,2019,Volkswagen,Polo,used,Automatic,1.6,2023,27500,32800
663,2015,Volkswagen,Jetta,used,Automatic,1.4,2023,82500,33888
664,2015,Audi,A3,used,Automatic,1.4,2023,57500,54999
665,2015,Volvo,V40,used,Automatic,2,2023,67500,45999
666,2015,Honda,HR-V,used,Automatic,1.8,2023,82500,59999
667,2015,Toyota,Vellfire,used,Automatic,2.4,2023,112500,109999
668,2018,Porsche,718,used,Automatic,2,2023,37500,398000
669,2018,Perodua,AXIA,used,Automatic,1,2023,62500,28999
670,2018,Mazda,CX-5,used,Automatic,2,2023,82500,43800
671,2018,Kia,Sportage,used,Automatic,2,2023,72500,57800
672,2018,BMW,730Li,used,Automatic,3,2023,97500,128500
673,2018,Honda,City,used,Automatic,1.5,2023,72500,61800
674,2018,Honda,Jazz,used,Automatic,1.5,2023,97500,47800
676,2016,Lexus,RX200t,used,Automatic,2,2023,77500,198800
677,2015,Mercedes,E250,used,Automatic,2,2023,87500,137999
678,2015,Mercedes,A250,used,Automatic,2,2023,72500,169999
679,2017,Mazda,2,used,Automatic,1.5,2023,82500,49999
680,2017,Honda,City,used,Automatic,1.5,2023,47500,49999
681,2017,Toyota,Vios,used,Automatic,1.5,2023,72500,39999
682,2017,Honda,City,used,Automatic,1.5,2023,62500,47999
683,2017,Toyota,Vios,used,Automatic,1.5,2023,82500,46999
685,2017,Toyota,Land Cruiser,used,Automatic,3.3,2023,12500,555000
686,2017,Honda,City,used,Automatic,1.5,2023,62500,62800
687,2017,Subaru,XV,used,Automatic,2,2023,77500,45800
688,2017,MINI,Countryman,used,Automatic,2,2023,27500,159888
690,2017,Perodua,Myvi,used,Automatic,1.3,2023,77500,23800
691,2017,Subaru,XV,used,Automatic,2,2023,92500,56800
692,2017,Hyundai,Elantra,used,Automatic,1.6,2023,92500,26999
693,2017,Nissan,X-Trail,used,Automatic,2,2023,52500,59999
694,2017,Toyota,Harrier,used,Automatic,2,2023,47500,189000
695,2017,Honda,CR-V,used,Automatic,2,2023,97500,63800
696,2017,Mercedes,C250,used,Automatic,2,2023,62500,149000
697,2017,Hyundai,Ioniq,used,Automatic,1.6,2023,62500,45999
698,2017,Ford,MUSTANG,used,Automatic,2.3,2023,52500,199000
699,2017,BMW,520i,used,Automatic,2,2023,92500,68000
700,2017,Perodua,Myvi,used,Automatic,1.5,2023,92500,45800
701,2017,Mercedes,CLA200,used,Automatic,1.6,2023,82500,108500
702,2017,Honda,Accord,used,Automatic,2,2023,97500,48800
704,2017,BMW,520i,used,Automatic,2,2023,72500,109999
705,2016,Land,Rover Range Rover Evoque,used,Automatic,2,2023,82500,109999
706,2016,Toyota,Harrier,used,Automatic,2,2023,77500,129888
707,2016,Honda,Civic,used,Automatic,1.5,2023,42500,111999
708,2016,Nissan,Almera,used,Automatic,1.5,2023,117500,22000
709,2016,Perodua,Alza,used,Automatic,1.5,2023,162500,34000
710,2016,Toyota,Vios,used,Automatic,1.5,2023,72500,56800
711,2016,Mitsubishi,Triton,used,Automatic,2.4,2023,67500,64800
712,2016,Ford,Ranger,used,Automatic,2,2023,52500,148800
713,2016,Toyota,Harrier,used,Automatic,2,2023,92500,115800
714,2016,Honda,Jazz,used,Automatic,1.5,2023,72500,62000
716,2016,Honda,CR-V,used,Automatic,2,2023,87500,59999
717,2016,Mercedes,GLA250,used,Automatic,2,2023,37500,145888
718,2017,Ford,MUSTANG,used,Automatic,2.3,2023,42500,182999
719,2017,Toyota,Vios,used,Automatic,1.5,2023,97500,44800
720,2017,Ford,Ranger,used,Automatic,2,2023,72500,79800
721,2017,Hyundai,Sonata,used,Automatic,2,2023,72500,45800
722,2017,Porsche,Boxster,used,Automatic,2.7,2023,27500,248000
723,2017,Proton,Iriz,used,Automatic,1.6,2023,92500,19800
724,2017,BMW,428i,used,Automatic,2,2023,122500,92999
725,2017,Honda,HR-V,used,Automatic,1.8,2023,72500,59999
726,2017,BMW,X1,used,Automatic,2,2023,88300,117000
727,2017,Perodua,Myvi,used,Automatic,1.3,2023,97500,21999
728,2017,BMW,X3,used,Automatic,2,2023,87500,149999
729,2017,Volkswagen,Beetle,used,Automatic,1.2,2023,82500,55999
732,2014,Toyota,Estima,used,Automatic,2.4,2023,92500,116800
734,2014,BMW,320i,used,Automatic,2,2023,77500,66800
735,2014,Mercedes,C200,used,Automatic,2,2023,112500,113800
736,2017,Toyota,Estima,used,Automatic,2.4,2023,37500,169800
737,2017,Toyota,Estima,used,Automatic,2.4,2023,32500,169000
738,2017,Toyota,Alphard,used,Automatic,2.5,2023,62500,189800
739,2017,Perodua,Myvi,used,Automatic,1.3,2023,102500,22999
740,2017,Isuzu,D-Max,used,Manual,2.5,2023,122500,39999
741,2017,Honda,Civic,used,Automatic,1.8,2023,77500,77999
742,2017,Proton,X70,used,Automatic,1.8,2023,67500,65999
743,2017,Perodua,AXIA,used,Automatic,1,2023,37500,26999
744,2017,Perodua,Myvi,used,Automatic,1.5,2023,117500,34999
745,2017,Mercedes,GLA250,used,Automatic,2,2023,67500,142999
746,2017,Honda,Jazz,used,Automatic,1.5,2023,67500,54300
747,2017,Mercedes,GLA200,used,Automatic,1.6,2023,72500,119800
748,2017,Honda,Jazz,used,Automatic,1.5,2023,92500,41800
749,2017,Nissan,Navara,used,Automatic,2.5,2023,72500,59800
750,2017,Mercedes,GLC250,used,Automatic,2,2023,57500,159888
751,2017,Porsche,Macan,used,Automatic,2,2023,27500,323000
752,2017,Perodua,Myvi,used,Automatic,1.5,2023,142500,27300
753,2017,Mercedes,A250,used,Automatic,2,2023,117500,108000
755,2017,Toyota,Alphard,used,Automatic,2.5,2023,27500,265800
756,2017,Mazda,CX-5,used,Automatic,2,2023,97500,52800
757,2017,Ford,MUSTANG,used,Automatic,2.3,2023,22500,288000
758,2017,Isuzu,D-Max,used,Manual,2.5,2023,72500,52800
759,2015,Volkswagen,Jetta,used,Automatic,1.4,2023,47500,35000
760,2015,Volkswagen,Beetle,used,Automatic,1.2,2023,67500,62888
761,2014,Toyota,Alphard,used,Automatic,2.4,2023,57500,125800
762,2014,Nissan,Navara,used,Manual,2.5,2023,82500,61800
763,2014,Honda,CR-V,used,Automatic,2.4,2023,87500,65800
764,2014,Toyota,Harrier,used,Automatic,2,2023,67500,99800
765,2014,Toyota,Vellfire,used,Automatic,2.5,2023,52500,209000
766,2014,Toyota,FJ Cruiser,used,Automatic,4,2023,117500,148888
767,2014,Subaru,XV,used,Automatic,2,2023,77500,48800
770,2014,Lexus,NX300,used,Automatic,2,2023,37500,199000
771,2014,Toyota,Alphard,used,Automatic,3.5,2023,2500,439000
772,2014,Volkswagen,Vento,used,Automatic,1.6,2023,107500,29800
773,2014,MINI,Countryman,used,Automatic,2,2023,62000,175000
774,2014,Toyota,Vellfire,used,Automatic,2.5,2023,57500,195888
775,2014,Toyota,Land Cruiser Prado,used,Automatic,2.8,2023,42500,293000
776,2014,Ford,MUSTANG,used,Automatic,2.3,2023,12500,293000
778,2014,Volkswagen,Tiguan,used,Automatic,1.4,2023,32500,95888
779,2014,Toyota,Alphard,used,Automatic,2.5,2023,57500,218000
780,2014,Peugeot,308,used,Automatic,1.6,2023,72500,16800
782,2014,Honda,City,used,Automatic,1.5,2023,72500,52800
783,2014,Honda,CR-V,used,Automatic,2,2023,97500,96800
784,2014,BMW,528i,used,Automatic,2,2023,92500,112888
785,2014,Proton,Exora,used,Automatic,1.6,2023,82500,39888
786,2014,Ford,MUSTANG,used,Automatic,2.3,2023,47500,223000
787,2014,Proton,Perdana,used,Automatic,2,2023,82500,41800
788,2014,Perodua,Myvi,used,Automatic,1.5,2023,107500,48800
789,2014,Audi,A3,used,Automatic,1.4,2023,72500,54800
790,2014,Mercedes,A180,used,Automatic,1.3,2023,52500,149000
792,2014,BMW,528i,used,Automatic,2,2023,97500,71000
793,2014,Toyota,Vellfire,used,Automatic,2.5,2023,37500,235000
794,2014,Toyota,Alphard,used,Automatic,2.5,2023,72500,248000
795,2014,Mercedes,C250,used,Automatic,2,2023,107500,155000
796,2014,Isuzu,D-Max,used,Manual,2.5,2023,92500,39800
797,2014,Toyota,Land Cruiser,used,Automatic,3.3,2023,2500,558000
798,2014,Mitsubishi,Triton,used,Automatic,2.5,2023,87500,59800
799,2014,Toyota,Vellfire,used,Automatic,2.5,2023,32500,236900
800,2014,Hyundai,Grand Starex,used,Automatic,2.5,2023,137500,69875
801,2014,Hyundai,Grand Starex,used,Automatic,2.5,2023,77500,126875
802,2014,BMW,X5,used,Automatic,2,2023,67500,111800
803,2015,Volkswagen,Jetta,used,Automatic,1.4,2023,32500,36888
804,2015,Volkswagen,Polo,used,Automatic,1.6,2023,82369,36800
805,2015,Mazda,8,used,Automatic,2.3,2023,82500,55999
806,2015,BMW,316i,used,Automatic,1.6,2023,62500,57999
807,2015,Hyundai,Ioniq,used,Automatic,1.6,2023,47500,43999
808,2015,Volkswagen,Jetta,used,Automatic,1.4,2023,77500,30999
809,2015,Hyundai,Elantra,used,Automatic,2,2023,57500,55999
810,2015,Volkswagen,Tiguan,used,Automatic,1.4,2023,47500,79999
811,2015,Peugeot,2008,used,Automatic,1.6,2023,77500,24999
812,2015,Volkswagen,Passat,used,Automatic,1.8,2023,52500,59999
813,2015,Volkswagen,Vento,used,Automatic,1.2,2023,82500,29999
814,2015,Peugeot,3008,used,Automatic,1.6,2023,52500,69999
815,2015,Toyota,Camry,used,Automatic,2.5,2023,72500,76999
817,2015,Mitsubishi,Triton,used,Automatic,2.5,2023,87500,61999
818,2015,Honda,City,used,Automatic,1.5,2023,92500,58999
819,2015,Honda,City,used,Automatic,1.5,2023,52500,56999
820,2015,Mitsubishi,Triton,used,Manual,2.5,2023,57500,69999
821,2015,Peugeot,3008,used,Automatic,1.6,2023,32500,69999
822,2015,Honda,Civic,used,Automatic,1.5,2023,67500,84999
823,2015,Honda,City,used,Automatic,1.5,2023,77500,51999
824,2015,Proton,Preve,used,Automatic,1.6,2023,72500,29999
825,2015,Honda,CR-V,used,Automatic,1.5,2023,82500,92800
826,2015,Honda,CR-V,used,Automatic,2,2023,102500,63800
827,2015,Volkswagen,Jetta,used,Automatic,1.4,2023,87500,29999
828,2015,Volkswagen,Jetta,used,Automatic,1.4,2023,82500,27999
829,2015,Mazda,3,used,Automatic,2,2023,87500,57999
830,2015,Mazda,Biante,used,Automatic,2,2023,92500,65999
831,2015,Mazda,6,used,Automatic,2.5,2023,87500,68999
832,2015,Volkswagen,Vento,used,Automatic,1.2,2023,62500,38999
833,2015,Peugeot,3008,used,Automatic,1.6,2023,52500,75999
834,2015,Hyundai,Grand Starex,used,Automatic,2.5,2023,67500,148875
835,2015,Toyota,Camry,used,Automatic,2.5,2023,112500,65800
836,2015,Honda,BR-V,used,Automatic,1.5,2023,62500,52999
837,2015,Mazda,3,used,Automatic,2,2023,107500,42999
838,2015,Mazda,CX-5,used,Automatic,2.2,2023,92500,58999
839,2015,Mercedes,E250,used,Automatic,2,2023,77500,159999
840,2015,Honda,City,used,Automatic,1.5,2023,52500,62999
841,2015,Honda,BR-V,used,Automatic,1.5,2023,72500,52999
842,2015,Toyota,Alphard,used,Automatic,3.5,2023,12500,328000
843,2015,Lexus,NX300,used,Automatic,2,2023,32500,238000
844,2015,BMW,X1,used,Automatic,2,2023,72500,55999
845,2015,Ford,Ranger,used,Automatic,3.2,2023,77500,63999
846,2015,Toyota,Corolla Altis,used,Automatic,1.8,2023,62500,69999
847,2015,Audi,A3,used,Automatic,1.4,2023,107500,49999
848,2017,Hyundai,Grand Starex,used,Automatic,2.5,2023,122500,118875
849,2017,Toyota,Camry,used,Automatic,2.5,2023,72500,72999
850,2017,Toyota,Vios,used,Automatic,1.5,2023,62500,59999
851,2017,Mazda,6,used,Automatic,2.5,2023,82500,79999
852,2017,Mazda,3,used,Automatic,2,2023,82500,49999
853,2015,Volkswagen,Jetta,used,Automatic,1.4,2023,77500,38888
854,2015,Hyundai,Grand Starex,used,Automatic,2.5,2023,107500,108875
855,2015,Mercedes,C200,used,Automatic,1.5,2023,62500,168000
856,2015,Nissan,X-Trail,used,Automatic,2,2023,42500,68888
857,2015,Honda,Civic,used,Automatic,1.5,2023,52500,77800
858,2015,Proton,X70,used,Automatic,1.8,2023,72500,62999
859,2015,Honda,City,used,Automatic,1.5,2023,62500,52999
860,2015,Nissan,Sylphy,used,Automatic,1.8,2023,87500,31999
861,2015,Honda,Civic,used,Automatic,1.5,2023,102500,86000
862,2015,Honda,City,used,Automatic,1.5,2023,87500,39999
863,2015,Perodua,Alza,used,Automatic,1.5,2023,82500,37999
864,2015,Honda,CR-V,used,Automatic,2.4,2023,87500,60999
865,2015,Mazda,CX-5,used,Automatic,2.2,2023,77500,58999
866,2015,Hyundai,Sonata,used,Automatic,2,2023,77500,40999
867,2015,Mazda,CX-5,used,Automatic,2.5,2023,92500,52999
868,2015,Mazda,CX-5,used,Automatic,2,2023,87500,54999
869,2015,Proton,Exora,used,Automatic,1.6,2023,32500,45999
870,2013,BMW,X1,used,Automatic,2,2023,92500,39999
872,2013,Proton,Saga,used,Automatic,1.3,2023,32500,29999
873,2013,Proton,Iriz,used,Automatic,1.6,2023,42500,36999
874,2013,Toyota,Camry,used,Automatic,2,2023,87500,49999
875,2013,Nissan,Serena,used,Automatic,2,2023,87500,57999
876,2013,Perodua,Myvi,used,Automatic,1.5,2023,32500,49800
877,2013,Volkswagen,Tiguan,used,Automatic,2,2023,137500,36788
878,2013,Mazda,CX-5,used,Automatic,2,2023,72500,99788
879,2013,Volvo,XC60,used,Automatic,2,2023,112500,83788
880,2013,Ford,Kuga,used,Automatic,1.6,2023,87500,29788
881,2013,Volvo,V40,used,Automatic,2,2023,107500,62788
882,2013,Audi,Q3,used,Automatic,2,2023,112500,53688
883,2013,Proton,Exora,used,Automatic,1.6,2023,62500,28999
884,2013,Kia,Sorento,used,Automatic,2.4,2023,87500,69999
885,2013,Honda,BR-V,used,Automatic,1.5,2023,72500,49999
886,2013,Mazda,CX-5,used,Automatic,2.2,2023,42500,89999
887,2013,Proton,Iriz,used,Automatic,1.6,2023,22500,33999
888,2013,Volkswagen,Passat,used,Automatic,1.8,2023,57500,69999
889,2013,Proton,X70,used,Automatic,1.8,2023,47500,62999
890,2013,Proton,Ertiga,used,Automatic,1.4,2023,42500,34999
891,2013,Nissan,Navara,used,Automatic,2.5,2023,62500,69999
892,2013,Proton,Perdana,used,Automatic,2,2023,62500,47999
893,2013,Audi,A3,used,Automatic,1.4,2023,67500,54999
894,2013,Nissan,Teana,used,Automatic,2,2023,72500,47999
895,2013,Hyundai,Elantra,used,Automatic,1.6,2023,107500,29988
896,2013,Haval,H1,used,Automatic,1.5,2023,37500,32788
897,2013,Proton,Preve,used,Automatic,1.6,2023,42500,32999
898,2013,Mazda,3,used,Automatic,2,2023,97500,45999
899,2013,Honda,Accord,used,Automatic,2,2023,77500,61999
900,2013,Volvo,V40,used,Automatic,1.6,2023,72500,42999
901,2013,Hyundai,Grand Starex,used,Automatic,2.5,2023,112500,67875
902,2013,Kia,Sportage,used,Automatic,2,2023,72500,59999
903,2013,Peugeot,508,used,Automatic,1.6,2023,62500,49999
904,2013,Peugeot,508,used,Automatic,1.6,2023,92500,29999
905,2013,Honda,CR-V,used,Automatic,2.4,2023,87500,60999
906,2013,Kia,Cerato,used,Automatic,1.6,2023,52500,52999
907,2013,Nissan,X-Trail,used,Automatic,2,2023,72500,49999
908,2013,Mazda,6,used,Automatic,2,2023,72500,60999
909,2013,Honda,BR-V,used,Automatic,1.5,2023,57500,52999
910,2013,Toyota,Vios,used,Automatic,1.5,2023,97500,69800
911,2013,Mazda,CX-5,used,Automatic,2.2,2023,52500,91999
912,2013,Proton,Perdana,used,Automatic,2.4,2023,52500,55999
913,2013,Toyota,Camry,used,Automatic,2.5,2023,82500,57999
914,2013,Volkswagen,Passat,used,Automatic,1.8,2023,92500,27999
915,2013,Hyundai,Elantra,used,Automatic,1.8,2023,72500,36999
916,2013,Perodua,Bezza,used,Automatic,1.3,2023,52500,31999
917,2013,Toyota,Alphard,used,Automatic,2.5,2023,32500,318000
918,2013,Mazda,6,used,Automatic,2,2023,97500,70800
919,2013,Mazda,Biante,used,Automatic,2,2023,42500,65999
920,2013,Peugeot,208,used,Automatic,1.6,2023,72500,20999
921,2013,Honda,Accord,used,Automatic,2,2023,82500,57999
922,2013,Mazda,CX-5,used,Automatic,2.5,2023,107500,52999
924,2015,Toyota,Vellfire,used,Automatic,2.5,2023,77500,178888
925,2015,Volkswagen,Passat,used,Automatic,1.8,2023,102500,34999
926,2015,Porsche,718,used,Automatic,2,2023,12500,312800
927,2015,Mercedes,E200,used,Automatic,2,2023,132500,152800
928,2015,Honda,Civic,used,Automatic,1.5,2023,57500,84800
929,2015,Honda,BR-V,used,Automatic,1.5,2023,77500,53999
930,2015,Honda,BR-V,used,Automatic,1.5,2023,77500,54999
931,2015,Perodua,Aruz,used,Automatic,1.5,2023,67500,54999
932,2015,Volkswagen,Cross Touran,used,Automatic,1.4,2023,82500,31999
933,2013,Ford,Fiesta,used,Automatic,1.5,2023,72500,21999
934,2013,Honda,Jazz,used,Automatic,1.5,2023,97500,50999
935,2013,Toyota,Fortuner,used,Automatic,2.7,2023,72500,102999
936,2013,Kia,Picanto,used,Manual,1.2,2023,87500,19999
937,2013,Ford,Focus,used,Automatic,2,2023,52500,25999
938,2013,Mazda,3,used,Automatic,2,2023,72500,48999
939,2015,Mercedes,A200,used,Automatic,1.6,2023,82500,94999
940,2015,Perodua,Alza,used,Automatic,1.5,2023,37500,49999
941,2014,Mercedes,A45 AMG,used,Automatic,2,2023,47500,139000
942,2014,Honda,Accord,used,Automatic,2.4,2023,112500,96800
943,2014,Hyundai,Grand Starex,used,Automatic,2.5,2023,47500,107875
944,2014,Kia,Sorento,used,Automatic,2.2,2023,107500,68800
945,2014,Ford,EcoSport,used,Automatic,1.5,2023,57500,31888
946,2014,Honda,HR-V,used,Automatic,1.8,2023,87500,63800
947,2014,Audi,A4,used,Automatic,1.8,2023,92500,49800
948,2014,Proton,Perdana,used,Automatic,2,2023,67500,33000
949,2014,Mercedes,CLA200,used,Automatic,1.6,2023,87500,93800
953,2014,Toyota,Vios,used,Automatic,1.5,2023,117500,43800
954,2018,Perodua,Myvi,used,Automatic,1.5,2023,77500,42800
955,2018,Proton,Persona,used,Automatic,1.6,2023,102500,30800
956,2018,BMW,530i,used,Automatic,2,2023,47500,203800
957,2018,BMW,328i,used,Automatic,2,2023,92500,84800
958,2018,Volkswagen,Golf,used,Automatic,2,2023,137500,82800
959,2018,BMW,328i,used,Automatic,2,2023,87500,60800
960,2018,Ssangyong,Stavic,used,Automatic,2,2023,102500,27800
961,2018,Mercedes,B200,used,Automatic,1.6,2023,87500,48800
962,2018,Mazda,3,used,Automatic,2,2023,97500,51800
963,2018,Honda,HR-V,used,Automatic,1.8,2023,102500,69800
964,2018,Honda,Civic,used,Automatic,2,2023,87500,57800
965,2018,Mazda,CX-5,used,Automatic,2,2023,97500,58800
966,2018,Toyota,Vios,used,Automatic,1.5,2023,77500,51800
967,2018,Mazda,2,used,Automatic,1.5,2023,72500,50800
968,2018,Land,Rover Range Rover Evoque,used,Automatic,2,2023,127500,72800
969,2018,Subaru,XV,used,Automatic,2,2023,77500,36800
970,2018,MINI,Countryman,used,Automatic,1.6,2023,62500,86800
971,2018,Isuzu,D-Max,used,Automatic,2.5,2023,37500,70800
973,2018,Mazda,CX-5,used,Automatic,2,2023,137500,52000
